operation_id,operation_time,source_population_id,target_population_id,source_container,target_container,source_site,target_site,source_hall_prefix,target_hall_prefix,source_stage,target_stage,source_prod_stage,target_prod_stage
F8CC179D-1C7D-4D4F-95FA-F33D5BB0E420,2025-04-02 09:24:17,E79AED6D-7669-4D6E-B28F-1E0AA13C1364,584D5876-FF4D-4FA3-BB38-EBEBD0E0C3F1,R1,5M 1,S21 Viðareiði,S21 Viðareiði,ROGN,5M,Egg&Alevin,Fry,Hatchery,Hatchery
F8CC179D-1C7D-4D4F-95FA-F33D5BB0E420,2025-04-02 09:24:17,A7238509-1A0B-4E29-A1AA-E5FF43BCCA92,23CB5D1F-D7C4-4C46-9F6A-ABFF517B44F7,R2,5M 2,S21 Viðareiði,S21 Viðareiði,ROGN,5M,Egg&Alevin,Fry,Hatchery,Hatchery
F8CC179D-1C7D-4D4F-95FA-F33D5BB0E420,2025-04-02 09:24:17,B52612BD-F18B-48A4-BF21-12B5FC246803,B8725F15-F029-46A7-BA5A-502E671903E6,R3,5M 3,S21 Viðareiði,S21 Viðareiði,ROGN,5M,Egg&Alevin,Fry,Hatchery,Hatchery
F8CC179D-1C7D-4D4F-95FA-F33D5BB0E420,2025-04-02 09:24:17,F7BB0D9F-0625-4B69-9C8F-FB0B02C6213A,ECD70C0E-8BC1-4689-91F4-BA0E5194FF30,R4,5M 4,S21 Viðareiði,S21 Viðareiði,ROGN,5M,Egg&Alevin,Fry,Hatchery,Hatchery
F8CC179D-1C7D-4D4F-95FA-F33D5BB0E420,2025-04-02 09:24:17,AA2FC3F5-E32F-4C96-9B90-B810769D939E,6D202ED1-DEEF-4B7C-8700-7CE4829D48B0,R5,5M 5,S21 Viðareiði,S21 Viðareiði,ROGN,5M,Egg&Alevin,Fry,Hatchery,Hatchery
F8CC179D-1C7D-4D4F-95FA-F33D5BB0E420,2025-04-02 09:24:17,46417967-C792-4485-957E-B2F7DAD70000,A9464A51-0FA7-44B0-AC39-39EA1817D070,R6,5M 6,S21 Viðareiði,S21 Viðareiði,ROGN,5M,Egg&Alevin,Fry,Hatchery,Hatchery
6022A118-770C-497F-8CE1-D0A3D19EB0A5,2025-04-02 09:25:57,737DE038-6C5A-4BBB-B431-BB01E19ED37A,5A091007-F727-467F-A76F-B5D36AFDE37D,R7,5M 1,S21 Viðareiði,S21 Viðareiði,ROGN,5M,Egg&Alevin,Fry,Hatchery,Hatchery
6022A118-770C-497F-8CE1-D0A3D19EB0A5,2025-04-02 09:25:57,678042F5-F394-43E2-8BD5-E70D0FAF39D8,E94DCBE0-295B-408F-A0F7-A7ADF6C300C0,R7,5M 2,S21 Viðareiði,S21 Viðareiði,ROGN,5M,Egg&Alevin,Fry,Hatchery,Hatchery
6022A118-770C-497F-8CE1-D0A3D19EB0A5,2025-04-02 09:25:57,76916E86-5BFA-4562-9019-B4636103E204,ED95C3F7-F15F-4CC5-96BE-148ABB28B6C4,R7,5M 3,S21 Viðareiði,S21 Viðareiði,ROGN,5M,Egg&Alevin,Fry,Hatchery,Hatchery
6022A118-770C-497F-8CE1-D0A3D19EB0A5,2025-04-02 09:25:57,561ABB27-BE7B-4FA6-BE7C-9A8172DDC50B,9B236821-27D3-410E-9606-3D09892989C8,R7,5M 4,S21 Viðareiði,S21 Viðareiði,ROGN,5M,Egg&Alevin,Fry,Hatchery,Hatchery
6022A118-770C-497F-8CE1-D0A3D19EB0A5,2025-04-02 09:25:57,A826B5C4-0A3A-4F81-93AA-E61898BACFF2,CBD4F60F-5AAC-4A43-9FCB-C2026D03A604,R7,5M 5,S21 Viðareiði,S21 Viðareiði,ROGN,5M,Egg&Alevin,Fry,Hatchery,Hatchery
6022A118-770C-497F-8CE1-D0A3D19EB0A5,2025-04-02 09:25:57,38D5CEF4-C03F-44B6-AFE4-F1B02EF61B81,42D9A752-5F0D-4400-A9DC-B361045F756F,R7,5M 6,S21 Viðareiði,S21 Viðareiði,ROGN,5M,Egg&Alevin,Fry,Hatchery,Hatchery
D5E38A76-A39C-4E18-B7D4-419D7343EEDA,2025-07-07 08:29:12,5A091007-F727-467F-A76F-B5D36AFDE37D,F9DA8742-267E-477C-A7B7-9156BC451C2C,5M 1,A01,S21 Viðareiði,S21 Viðareiði,5M,A,Fry,Parr,Hatchery,Hatchery
D5E38A76-A39C-4E18-B7D4-419D7343EEDA,2025-07-07 08:29:12,39254764-825F-426B-A79C-C6763A34FDA4,C551C672-A44D-4149-86FD-7DFF34792F2C,5M 1,A05,S21 Viðareiði,S21 Viðareiði,5M,A,Fry,Parr,Hatchery,Hatchery
D5E38A76-A39C-4E18-B7D4-419D7343EEDA,2025-07-07 08:29:12,7FE3E13A-795A-47D6-9F69-D0F5AA31D841,F3FA7FA1-13DD-4B76-AC6C-5B4D2B377F6F,5M 1,B10,S21 Viðareiði,S21 Viðareiði,5M,BA,Fry,Parr,Hatchery,Hatchery
4DD21F01-358B-4CF9-9D63-885C162078E8,2025-07-07 08:30:46,E94DCBE0-295B-408F-A0F7-A7ADF6C300C0,55D012B5-C9E1-42D3-930D-E1619C4F2322,5M 2,A01,S21 Viðareiði,S21 Viðareiði,5M,A,Fry,Parr,Hatchery,Hatchery
4DD21F01-358B-4CF9-9D63-885C162078E8,2025-07-07 08:30:46,954F068E-82A7-433A-A4D6-14ABC768A758,4D62B6E9-CFE4-460F-8809-AD411DA954C5,5M 2,A05,S21 Viðareiði,S21 Viðareiði,5M,A,Fry,Parr,Hatchery,Hatchery
4DD21F01-358B-4CF9-9D63-885C162078E8,2025-07-07 08:30:46,403835D9-DDD5-4110-8B46-F91EEB246569,49841BBF-00CA-40E0-9605-27716104E89F,5M 2,B10,S21 Viðareiði,S21 Viðareiði,5M,BA,Fry,Parr,Hatchery,Hatchery
F661679B-199B-4E7B-B9B7-0D8BD58BE85E,2025-07-09 08:44:53,ED95C3F7-F15F-4CC5-96BE-148ABB28B6C4,A5A39079-E6C5-4133-BB2B-DC0542C96280,5M 3,A01,S21 Viðareiði,S21 Viðareiði,5M,A,Fry,Parr,Hatchery,Hatchery
F661679B-199B-4E7B-B9B7-0D8BD58BE85E,2025-07-09 08:44:53,E38F658E-5D24-478A-9356-9BC2341097A7,39C7D748-F80D-4D4C-88B3-9F01F90CFACF,5M 3,A05,S21 Viðareiði,S21 Viðareiði,5M,A,Fry,Parr,Hatchery,Hatchery
F661679B-199B-4E7B-B9B7-0D8BD58BE85E,2025-07-09 08:44:53,68F6B598-1A5E-494F-87AE-DFB4F7A76432,F4AD771A-DD58-4E66-89C0-A43FBCAE2920,5M 3,B10,S21 Viðareiði,S21 Viðareiði,5M,BA,Fry,Parr,Hatchery,Hatchery
18D91619-9163-43C6-BBB5-0A24C5581FF4,2025-07-09 08:49:39,78C0CE1D-908E-40EC-9864-9C58E749D722,844846E6-4715-4BA4-B837-B05453268014,5M 4,A01,S21 Viðareiði,S21 Viðareiði,5M,A,Fry,Parr,Hatchery,Hatchery
18D91619-9163-43C6-BBB5-0A24C5581FF4,2025-07-09 08:49:39,9B236821-27D3-410E-9606-3D09892989C8,3062D24C-3836-4F72-BFC4-F65677E08EC5,5M 4,A03,S21 Viðareiði,S21 Viðareiði,5M,A,Fry,Parr,Hatchery,Hatchery
18D91619-9163-43C6-BBB5-0A24C5581FF4,2025-07-09 08:49:39,65E545CE-44FD-40C8-B169-CB89B0617D25,93921C89-940C-4A0B-AEB0-07D6CA0259C3,5M 4,B11,S21 Viðareiði,S21 Viðareiði,5M,BA,Fry,Parr,Hatchery,Hatchery
BCFA7156-58D0-498A-881B-46AF1F76E7F8,2025-07-09 12:58:23,60E6C9A3-4DE9-48C1-B3FB-FAAEE749C95B,8658EC19-C90D-4E7B-95E6-69EE34B460D4,5M 5,A01,S21 Viðareiði,S21 Viðareiði,5M,A,Fry,Parr,Hatchery,Hatchery
BCFA7156-58D0-498A-881B-46AF1F76E7F8,2025-07-09 12:58:23,CBD4F60F-5AAC-4A43-9FCB-C2026D03A604,2597DD71-5549-4CD0-A4FF-ED922FAFE177,5M 5,A03,S21 Viðareiði,S21 Viðareiði,5M,A,Fry,Parr,Hatchery,Hatchery
BCFA7156-58D0-498A-881B-46AF1F76E7F8,2025-07-09 12:58:23,A516AF1D-70F7-4E96-A7AC-4034E0484C48,3CD9B4D8-D514-43BD-8710-EE5EF362D8A5,5M 5,B11,S21 Viðareiði,S21 Viðareiði,5M,BA,Fry,Parr,Hatchery,Hatchery
890A4E53-B9AB-4913-B86D-4B21E34251E0,2025-07-09 13:01:26,E2482773-3551-4142-9841-F0D34259373C,CBBF08BB-6E3D-4DFE-8D69-2A16348D4B4E,5M 6,A01,S21 Viðareiði,S21 Viðareiði,5M,A,Fry,Parr,Hatchery,Hatchery
890A4E53-B9AB-4913-B86D-4B21E34251E0,2025-07-09 13:01:26,42D9A752-5F0D-4400-A9DC-B361045F756F,509057A3-F19D-4C32-B8F0-E631107AF71A,5M 6,A03,S21 Viðareiði,S21 Viðareiði,5M,A,Fry,Parr,Hatchery,Hatchery
890A4E53-B9AB-4913-B86D-4B21E34251E0,2025-07-09 13:01:26,1D0E138F-03B1-4825-A0F4-C405067A4C73,B394911E-1C93-4796-ABF8-1077230D1740,5M 6,B11,S21 Viðareiði,S21 Viðareiði,5M,BA,Fry,Parr,Hatchery,Hatchery
1C27A39E-9221-4648-8C75-F12DDF0E17AE,2025-08-26 11:54:43,509057A3-F19D-4C32-B8F0-E631107AF71A,44AB6FA1-7F61-4B54-B4B9-2C9F0E15A0E6,A03,B08,S21 Viðareiði,S21 Viðareiði,A,BA,Parr,Parr,Hatchery,Hatchery
8C625E61-A3EC-439A-99F1-39770FEA0A93,2025-08-26 11:56:47,39C7D748-F80D-4D4C-88B3-9F01F90CFACF,F17CB304-A568-43EA-A950-26E8933D0F70,A05,B02,S21 Viðareiði,S21 Viðareiði,A,BB,Parr,Parr,Hatchery,Hatchery
44EF9FB9-5533-42F5-8EE6-D911659FDD3B,2025-08-28 09:36:51,CBBF08BB-6E3D-4DFE-8D69-2A16348D4B4E,C7685FCB-A56B-45B0-8B05-2F34F90EE295,A01,A03,S21 Viðareiði,S21 Viðareiði,A,A,Parr,Parr,Hatchery,Hatchery
44EF9FB9-5533-42F5-8EE6-D911659FDD3B,2025-08-28 09:36:51,2AFA58CF-BC68-42D6-93A8-8392BF8291F6,059742E5-3E85-44BA-AD5D-F88997C7913A,A01,A05,S21 Viðareiði,S21 Viðareiði,A,A,Parr,Parr,Hatchery,Hatchery
44EF9FB9-5533-42F5-8EE6-D911659FDD3B,2025-08-28 09:36:51,8B7577E4-193C-471B-856E-76A4E3761EAA,93BBF737-D920-4FF3-A852-8C7CD80A302C,A01,B14,S21 Viðareiði,S21 Viðareiði,A,BA,Parr,Parr,Hatchery,Hatchery
634FD055-DCFD-4D0D-ABE2-A52B6EEA9296,2025-08-28 09:38:47,93BBF737-D920-4FF3-A852-8C7CD80A302C,1DDE1B57-95AC-400D-9DA6-C1FBC6EB1787,B14,A01,S21 Viðareiði,S21 Viðareiði,BA,A,Parr,Parr,Hatchery,Hatchery
6C219199-D35E-40D6-9209-5EACCA7AED4B,2025-09-09 08:41:47,B0E8DA75-7AA4-46B6-89BB-3EE7AFE09724,86CDCD39-2A17-4426-B129-B4679A3D78A0,B10,B01,S21 Viðareiði,S21 Viðareiði,BA,BB,Parr,Parr,Hatchery,Hatchery
6C219199-D35E-40D6-9209-5EACCA7AED4B,2025-09-09 08:41:47,F4AD771A-DD58-4E66-89C0-A43FBCAE2920,E34FC112-CF2A-43D2-9D82-A330DF5919A7,B10,B03,S21 Viðareiði,S21 Viðareiði,BA,BB,Parr,Parr,Hatchery,Hatchery
6C219199-D35E-40D6-9209-5EACCA7AED4B,2025-09-09 08:41:47,69E146F2-78E7-42F9-96EB-3634A44C978A,927573DB-861D-429A-8CBB-483C0A25ACC8,B10,B04,S21 Viðareiði,S21 Viðareiði,BA,BB,Parr,Parr,Hatchery,Hatchery
E7915952-F586-498E-A593-4807875F0308,2025-09-09 08:43:47,4B216977-375E-43A2-BE5A-6E9F8E75C7CD,51A08A5A-ECEE-4151-998C-64AA031D7E60,B11,B01,S21 Viðareiði,S21 Viðareiði,BA,BB,Parr,Parr,Hatchery,Hatchery
E7915952-F586-498E-A593-4807875F0308,2025-09-09 08:43:47,B394911E-1C93-4796-ABF8-1077230D1740,908E791C-BE32-4680-9021-84FE860B3ED6,B11,B03,S21 Viðareiði,S21 Viðareiði,BA,BB,Parr,Parr,Hatchery,Hatchery
E7915952-F586-498E-A593-4807875F0308,2025-09-09 08:43:47,4DA5970E-EAC3-412D-BD25-D665BAA6B7BB,BBD14C2B-5C9C-4B86-9FC3-BBD3CC676827,B11,B04,S21 Viðareiði,S21 Viðareiði,BA,BB,Parr,Parr,Hatchery,Hatchery
E7915952-F586-498E-A593-4807875F0308,2025-09-09 08:43:47,F2DB2EDC-1344-49EC-870D-BD65EEF61316,E4B40FAE-7472-4303-BB0B-CF17109BDAEA,B11,B07,S21 Viðareiði,S21 Viðareiði,BA,BA,Parr,Parr,Hatchery,Hatchery
E7915952-F586-498E-A593-4807875F0308,2025-09-09 08:43:47,369C9FAF-034E-483E-A70F-7C672AA4551C,40E423CA-ABE9-4843-9BEE-46522E1BB827,B11,B09,S21 Viðareiði,S21 Viðareiði,BA,BA,Parr,Parr,Hatchery,Hatchery
8242751C-FDD0-4AB2-BC12-1F4D0519018E,2025-09-11 10:26:00,1F3DC197-58B5-4CB0-A21E-DB353F1E7C04,DB2D7EDE-D270-4AED-B86C-6AE7A5882A7B,B08,B05,S21 Viðareiði,S21 Viðareiði,BA,BB,Parr,Parr,Hatchery,Hatchery
8242751C-FDD0-4AB2-BC12-1F4D0519018E,2025-09-11 10:26:00,6B9816C0-474E-4A68-8D98-6A8AD5F7D889,63625F27-715F-4FE8-B443-72C43960C7AF,B08,B07,S21 Viðareiði,S21 Viðareiði,BA,BA,Parr,Parr,Hatchery,Hatchery
8242751C-FDD0-4AB2-BC12-1F4D0519018E,2025-09-11 10:26:00,44AB6FA1-7F61-4B54-B4B9-2C9F0E15A0E6,86243D5E-8C35-480D-8351-595091216E56,B08,B09,S21 Viðareiði,S21 Viðareiði,BA,BA,Parr,Parr,Hatchery,Hatchery
8242751C-FDD0-4AB2-BC12-1F4D0519018E,2025-09-11 10:26:00,E0EF3FDC-08B1-4C82-8918-921EC69625A3,3EB117D0-6E73-41A8-8C48-379B241FB7E9,B08,B14,S21 Viðareiði,S21 Viðareiði,BA,BA,Parr,Parr,Hatchery,Hatchery
525C28A5-C889-4837-A434-0DB6D3028750,2025-09-11 14:48:03,9B421210-52F7-4252-8294-B4FC6F0AD9D5,D0A5EB82-9FB4-483F-8860-3DE317595A15,B02,B05,S21 Viðareiði,S21 Viðareiði,BB,BB,Parr,Parr,Hatchery,Hatchery
525C28A5-C889-4837-A434-0DB6D3028750,2025-09-11 14:48:03,F17CB304-A568-43EA-A950-26E8933D0F70,F76949D4-0AD0-456A-B941-E0D8BD0DA150,B02,B08,S21 Viðareiði,S21 Viðareiði,BB,BA,Parr,Parr,Hatchery,Hatchery
525C28A5-C889-4837-A434-0DB6D3028750,2025-09-11 14:48:03,BE1BC02D-5B47-45CD-8468-DCEB508037CA,0BE987FB-CC4B-4571-B6E5-374A6B99E89B,B02,B14,S21 Viðareiði,S21 Viðareiði,BB,BA,Parr,Parr,Hatchery,Hatchery
13E4ECF4-A90D-4CFA-B29C-0BF90EF90455,2025-09-11 16:04:45,0BE987FB-CC4B-4571-B6E5-374A6B99E89B,04255994-08CF-41B6-A52E-1D8264A6C99A,B14,B02,S21 Viðareiði,S21 Viðareiði,BA,BB,Parr,Parr,Hatchery,Hatchery
D0D8D7E6-BECB-41F9-9310-627BAC5817F4,2025-09-12 12:48:39,BBD14C2B-5C9C-4B86-9FC3-BBD3CC676827,DDD99A34-0B51-4D5D-A735-E04A9BB7EA3A,B04,B10,S21 Viðareiði,S21 Viðareiði,BB,BA,Parr,Parr,Hatchery,Hatchery
063CDE16-C59B-4A2C-9388-88628BF098B4,2025-09-24 09:23:21,059742E5-3E85-44BA-AD5D-F88997C7913A,46D8BC4F-02B5-4F8D-8EA9-ABD52A6850C1,A05,B11,S21 Viðareiði,S21 Viðareiði,A,BA,Parr,Parr,Hatchery,Hatchery
AB0FFFE0-6B90-4CC8-8385-73FE896F27C6,2025-10-07 14:54:22,1D3F82B3-6A5A-4326-BB06-0B546FB95F8A,A1F30ECC-DAD2-4DCD-B0E6-4857791CB0FC,B10,B04,S21 Viðareiði,S21 Viðareiði,BA,BB,Parr,Parr,Hatchery,Hatchery
AB0FFFE0-6B90-4CC8-8385-73FE896F27C6,2025-10-07 14:54:22,0D6A5E23-04CC-437A-A61C-F48A6F3C17B2,A76282AE-F172-4627-A46F-05A34F5605D7,B10,B13,S21 Viðareiði,S21 Viðareiði,BA,BA,Parr,Parr,Hatchery,Hatchery
AB0FFFE0-6B90-4CC8-8385-73FE896F27C6,2025-10-07 14:54:22,DDD99A34-0B51-4D5D-A735-E04A9BB7EA3A,D3596B3F-6BC6-4D69-978A-AD8587BD3542,B10,B15,S21 Viðareiði,S21 Viðareiði,BA,BA,Parr,Parr,Hatchery,Hatchery
FD59715A-E9BC-471F-A064-9082D86CB8C1,2025-10-07 14:55:30,9055A98B-99E2-4508-BD65-5AC5EECFEBB5,4F989FB9-F5DE-41BB-B1E7-22D46144DAD8,B03,B04,S21 Viðareiði,S21 Viðareiði,BB,BB,Parr,Parr,Hatchery,Hatchery
FD59715A-E9BC-471F-A064-9082D86CB8C1,2025-10-07 14:55:30,908E791C-BE32-4680-9021-84FE860B3ED6,4FDDDD93-F5EB-4FB5-B202-0D7609DD0390,B03,B06,S21 Viðareiði,S21 Viðareiði,BB,BB,Parr,Parr,Hatchery,Hatchery
FD59715A-E9BC-471F-A064-9082D86CB8C1,2025-10-07 14:55:30,EFD8D5FB-7E40-429D-9C69-BB96515EAD40,A8190BDA-E9ED-4F55-9E39-F2FEEC5EEA5D,B03,B12,S21 Viðareiði,S21 Viðareiði,BB,BA,Parr,Parr,Hatchery,Hatchery
EA4C14BB-CE66-4298-BFAB-FD89D47460AA,2025-10-07 14:56:43,5D339F99-7ECE-4A99-8C37-53CF28910ACD,D3972BB3-CCD6-4576-A64C-495BB373B145,B09,B04,S21 Viðareiði,S21 Viðareiði,BA,BB,Parr,Parr,Hatchery,Hatchery
EA4C14BB-CE66-4298-BFAB-FD89D47460AA,2025-10-07 14:56:43,86243D5E-8C35-480D-8351-595091216E56,88610521-986B-4CD8-991F-60C6F7257ABB,B09,B06,S21 Viðareiði,S21 Viðareiði,BA,BB,Parr,Parr,Hatchery,Hatchery
EA4C14BB-CE66-4298-BFAB-FD89D47460AA,2025-10-07 14:56:43,B1CBD1F7-1D3F-4022-8460-D74580E4CC9B,BD8BB60B-4215-4C59-B4EE-5800E6C0BC99,B09,B12,S21 Viðareiði,S21 Viðareiði,BA,BA,Parr,Parr,Hatchery,Hatchery
40A18C7F-8AD6-47A5-A11E-15B63355A147,2025-10-07 14:57:53,073BC5F3-A03D-4D20-970F-46C257C05B92,E35800E8-8F02-4194-89D5-513A1FB6B3B6,B05,B04,S21 Viðareiði,S21 Viðareiði,BB,BB,Parr,Parr,Hatchery,Hatchery
40A18C7F-8AD6-47A5-A11E-15B63355A147,2025-10-07 14:57:53,D0A5EB82-9FB4-483F-8860-3DE317595A15,6A9E245E-DF7E-404F-87F5-264A45D295F7,B05,B06,S21 Viðareiði,S21 Viðareiði,BB,BB,Parr,Parr,Hatchery,Hatchery
40A18C7F-8AD6-47A5-A11E-15B63355A147,2025-10-07 14:57:53,BA9C0F68-5154-4D88-83F1-4597630B67F9,DF7E7595-51A5-46FE-B12F-FE7B9E034EEB,B05,B12,S21 Viðareiði,S21 Viðareiði,BB,BA,Parr,Parr,Hatchery,Hatchery
3D4173EE-51CB-4536-A778-7CC9BCE66536,2025-10-08 10:38:59,D3596B3F-6BC6-4D69-978A-AD8587BD3542,4DE833FF-AAB7-4A5F-BA70-94095326D280,B15,B14,S21 Viðareiði,S21 Viðareiði,BA,BA,Parr,Parr,Hatchery,Hatchery
F63C0337-1052-49CC-A87E-D4D4603C9142,2025-10-08 10:41:09,A76282AE-F172-4627-A46F-05A34F5605D7,08DA5073-84A1-431E-AFEB-A6BD04FB83E9,B13,B14,S21 Viðareiði,S21 Viðareiði,BA,BA,Parr,Parr,Hatchery,Hatchery
F63C0337-1052-49CC-A87E-D4D4603C9142,2025-10-08 10:41:09,A6B567EA-FB82-4244-BFE7-E616CF5542BC,F1CBFA92-19AC-4228-B1A5-7A5C83963D46,B13,B15,S21 Viðareiði,S21 Viðareiði,BA,BA,Parr,Parr,Hatchery,Hatchery
7A5A3AB4-0ADB-4B8C-82EE-0BB1BD0C6EAA,2025-10-08 10:45:49,08DA5073-84A1-431E-AFEB-A6BD04FB83E9,BACCC6F9-64F6-41A8-B1C3-49B356C7C663,B14,C12,S21 Viðareiði,S21 Viðareiði,BA,C,Parr,Smolt,Hatchery,Hatchery
F6B08799-5A16-4368-BF83-8851AF379139,2025-10-09 10:51:18,F1CBFA92-19AC-4228-B1A5-7A5C83963D46,4AE47F3B-A817-4EC6-8EB4-7BB12C22BAD6,B15,C12,S21 Viðareiði,S21 Viðareiði,BA,C,Parr,Smolt,Hatchery,Hatchery
D3F73C4A-0178-4628-AC19-F74F590B8140,2025-10-09 14:36:03,D4C9DABE-74FF-4B70-90D4-9367C5116EEE,65B1E056-FD05-49D6-AE30-D6C7F276E4D5,B12,B05,S21 Viðareiði,S21 Viðareiði,BA,BB,Parr,Parr,Hatchery,Hatchery
D3F73C4A-0178-4628-AC19-F74F590B8140,2025-10-09 14:36:03,DF7E7595-51A5-46FE-B12F-FE7B9E034EEB,0920BBCC-A73E-40CA-901B-2AB6DAC7FD74,B12,B14,S21 Viðareiði,S21 Viðareiði,BA,BA,Parr,Parr,Hatchery,Hatchery
070BF0FA-5FDE-4C68-BD7D-B29D20BDA51E,2025-10-09 14:43:44,0920BBCC-A73E-40CA-901B-2AB6DAC7FD74,9104535D-ED59-414B-AB2A-91230BC4BBFA,B14,C12,S21 Viðareiði,S21 Viðareiði,BA,C,Parr,Smolt,Hatchery,Hatchery
FD58E95C-DD21-4C80-B64C-88E7AE1662C2,2025-10-10 10:20:08,6A9E245E-DF7E-404F-87F5-264A45D295F7,1EEE93CC-D029-4350-B0B6-637B38B33D9F,B06,B05,S21 Viðareiði,S21 Viðareiði,BB,BB,Parr,Parr,Hatchery,Hatchery
3CB590BD-AD89-4F1A-98D7-20222B1FE984,2025-10-10 14:40:44,7AEC30C3-E400-4A5D-8B96-3E311255605D,82675FCF-F154-4824-9FB4-70D8EA763127,B06,B05,S21 Viðareiði,S21 Viðareiði,BB,BB,Parr,Parr,Hatchery,Hatchery
3CB590BD-AD89-4F1A-98D7-20222B1FE984,2025-10-10 14:40:44,D0ACC9E3-40DF-409A-9015-D57891520DB7,08061798-6817-458F-8166-708D2E9A489C,B06,B12,S21 Viðareiði,S21 Viðareiði,BB,BA,Parr,Parr,Hatchery,Hatchery
DC941A42-6C9D-4E7B-9564-B0F7A0325828,2025-10-13 13:50:10,BFEA3B8E-E3A7-4D5C-B006-2832A77C2E6F,ED14AB3D-45EC-4018-88FF-0F52A4706BAB,B06,B12,S21 Viðareiði,S21 Viðareiði,BB,BA,Parr,Parr,Hatchery,Hatchery
3F6E55AB-8F16-4987-8F6C-38F97E85AF6D,2025-10-13 13:54:23,82675FCF-F154-4824-9FB4-70D8EA763127,BC31E77C-8C24-4F9C-8A19-6A8D14D10AC2,B05,D5,S21 Viðareiði,S21 Viðareiði,BB,D,Parr,Smolt,Hatchery,Hatchery
153AF8EE-DF71-4AB3-853F-9C36282F96A3,2025-10-13 13:56:01,1DDE1B57-95AC-400D-9DA6-C1FBC6EB1787,96A853EF-46C9-4A6C-9399-C1B3837F8167,A01,B03,S21 Viðareiði,S21 Viðareiði,A,BB,Parr,Parr,Hatchery,Hatchery
51568A14-2DE9-4B44-B9C8-24627DCADD1D,2025-10-13 14:01:32,C7685FCB-A56B-45B0-8B05-2F34F90EE295,B957AFC0-3410-4BC5-9A44-6B8F6FE75B62,A03,B06,S21 Viðareiði,S21 Viðareiði,A,BB,Parr,Parr,Hatchery,Hatchery
35B156C9-1D29-49A6-8DC1-05EC8648A584,2025-10-14 08:52:57,ED14AB3D-45EC-4018-88FF-0F52A4706BAB,A8B2808F-8D88-432D-8305-395054A7181E,B12,D5,S21 Viðareiði,S21 Viðareiði,BA,D,Parr,Smolt,Hatchery,Hatchery
DB9FEF44-6AB9-4FDB-BD05-67CE40549BED,2025-10-23 12:39:18,E35800E8-8F02-4194-89D5-513A1FB6B3B6,38BC744D-104A-450B-A77B-FDBD9514DD33,B04,B12,S21 Viðareiði,S21 Viðareiði,BB,BA,Parr,Parr,Hatchery,Hatchery
DB9FEF44-6AB9-4FDB-BD05-67CE40549BED,2025-10-23 12:39:18,2205A7AB-DB82-4974-8EA7-E9E1336A2AAF,FC15F5D6-725E-4773-AF21-FC35BA70DEEC,B04,B13,S21 Viðareiði,S21 Viðareiði,BB,BA,Parr,Parr,Hatchery,Hatchery
DB9FEF44-6AB9-4FDB-BD05-67CE40549BED,2025-10-23 12:39:18,959F7B2C-B9CF-4849-BFC4-454B84B1B4FA,2C62D405-A5BF-4C46-8B71-157CBC14452D,B04,B15,S21 Viðareiði,S21 Viðareiði,BB,BA,Parr,Parr,Hatchery,Hatchery
F996B182-CDBD-46F9-A8BB-6AE32452102E,2025-10-23 12:40:31,51A08A5A-ECEE-4151-998C-64AA031D7E60,163CF6C4-EB76-4A07-99BD-AD68369C3C64,B01,B12,S21 Viðareiði,S21 Viðareiði,BB,BA,Parr,Parr,Hatchery,Hatchery
F996B182-CDBD-46F9-A8BB-6AE32452102E,2025-10-23 12:40:31,4C4A6F0A-6EF2-48A7-8CB3-EC6757741370,C0A2B295-34A3-438F-B16A-7BDB0B21F702,B01,B13,S21 Viðareiði,S21 Viðareiði,BB,BA,Parr,Parr,Hatchery,Hatchery
F996B182-CDBD-46F9-A8BB-6AE32452102E,2025-10-23 12:40:31,4B4990D2-2EBB-428B-B619-DCC8478A87A1,6E073D16-2792-4C7F-814D-2FCE83DBA6E4,B01,B14,S21 Viðareiði,S21 Viðareiði,BB,BA,Parr,Parr,Hatchery,Hatchery
F996B182-CDBD-46F9-A8BB-6AE32452102E,2025-10-23 12:40:31,00DDEEA8-F621-4DE4-8391-6B919ACB2A70,D59E5624-5D98-444D-9CC4-E530DDB7E8C4,B01,B15,S21 Viðareiði,S21 Viðareiði,BB,BA,Parr,Parr,Hatchery,Hatchery
31EA7426-9BCA-46A4-9FF7-45C1E39F891D,2025-10-23 15:09:54,63625F27-715F-4FE8-B443-72C43960C7AF,E5858FB8-9EAE-49F0-B60F-63324E7021D4,B07,B01,S21 Viðareiði,S21 Viðareiði,BA,BB,Parr,Parr,Hatchery,Hatchery
31EA7426-9BCA-46A4-9FF7-45C1E39F891D,2025-10-23 15:09:54,0720C5B6-7EA2-482C-BAB5-060540B08754,E21EAB05-1644-4083-B629-E5894BAFBE71,B07,B04,S21 Viðareiði,S21 Viðareiði,BA,BB,Parr,Parr,Hatchery,Hatchery
31EA7426-9BCA-46A4-9FF7-45C1E39F891D,2025-10-23 15:09:54,FE6E451F-9C90-47A6-97CC-4EEC0364C554,7397FDE6-C52F-45A8-9C3F-D63BB560ED7D,B07,B13,S21 Viðareiði,S21 Viðareiði,BA,BA,Parr,Parr,Hatchery,Hatchery
F35A79B8-872A-4DD9-9EC0-6649B45CD2FA,2025-10-24 11:20:23,7397FDE6-C52F-45A8-9C3F-D63BB560ED7D,1B5320A4-C8EC-49D9-BA94-CCED40126668,B13,B07,S21 Viðareiði,S21 Viðareiði,BA,BA,Parr,Parr,Hatchery,Hatchery
F09FF03F-3C43-409F-AA61-87CB647466C8,2025-10-24 11:21:17,F76949D4-0AD0-456A-B941-E0D8BD0DA150,4195A5D0-BA0B-4762-83F3-61EC09C49A06,B08,B01,S21 Viðareiði,S21 Viðareiði,BA,BB,Parr,Parr,Hatchery,Hatchery
F09FF03F-3C43-409F-AA61-87CB647466C8,2025-10-24 11:21:17,67CEC53D-E4FD-4978-A434-0C521A48E1C9,1A80D6E2-6F77-4C48-854A-7C8A7C40FA80,B08,B04,S21 Viðareiði,S21 Viðareiði,BA,BB,Parr,Parr,Hatchery,Hatchery
F09FF03F-3C43-409F-AA61-87CB647466C8,2025-10-24 11:21:17,3B394F0C-29BB-41F6-B8AF-F65147E068C5,F2C67742-A0D3-4C79-9CEB-3F7512F56AC6,B08,B13,S21 Viðareiði,S21 Viðareiði,BA,BA,Parr,Parr,Hatchery,Hatchery
6B5A4A85-8E82-41E4-ACB1-6AF57E83B26E,2025-10-24 11:52:01,F2C67742-A0D3-4C79-9CEB-3F7512F56AC6,5DB57C16-DC16-4158-B7F6-F2E34AFF8B7E,B13,B07,S21 Viðareiði,S21 Viðareiði,BA,BA,Parr,Parr,Hatchery,Hatchery
B258E299-5C11-4D9B-9CDC-28998F413A4B,2025-10-27 14:20:55,6E073D16-2792-4C7F-814D-2FCE83DBA6E4,0B163A32-A04B-4EC8-9130-9EBA5C45A001,B14,B08,S21 Viðareiði,S21 Viðareiði,BA,BA,Parr,Parr,Hatchery,Hatchery
DB657C3A-4090-4A49-B8C4-390F29C44F41,2025-10-27 14:29:46,163CF6C4-EB76-4A07-99BD-AD68369C3C64,00B5F832-55F3-4854-87E3-D5424F041973,B12,B08,S21 Viðareiði,S21 Viðareiði,BA,BA,Parr,Parr,Hatchery,Hatchery
ACDEB984-47DA-400D-848E-52BC7A80F0B6,2025-10-28 09:18:01,1A80D6E2-6F77-4C48-854A-7C8A7C40FA80,2C890DB9-1938-43C4-9C44-F88D4201C881,B04,B12,S21 Viðareiði,S21 Viðareiði,BB,BA,Parr,Parr,Hatchery,Hatchery
E2819595-2356-417B-9177-BD06094D3617,2025-10-29 09:08:41,D59E5624-5D98-444D-9CC4-E530DDB7E8C4,798B4C64-819D-4025-B0D7-261923137988,B15,B04,S21 Viðareiði,S21 Viðareiði,BA,BB,Parr,Parr,Hatchery,Hatchery
