schema_name,table_name,column_name,data_type,is_nullable,char_max_length,numeric_precision,numeric_scale,column_default
dbo,_Asset,Name,nvarchar,NO,512,,,NULL
dbo,_Asset,Name_UC,nvarchar,NO,512,,,NULL
dbo,_Asset,Location,nvarchar,NO,512,,,NULL
dbo,_Asset,Location_UC,nvarchar,NO,512,,,NULL
dbo,_Asset,ParentLocation,nvarchar,NO,512,,,NULL
dbo,_Asset,ParentLocation_UC,nvarchar,NO,512,,,NULL
dbo,_Asset,Namespace,nvarchar,YES,128,,,NULL
dbo,_Asset,Namespace_UC,nvarchar,YES,128,,,NULL
dbo,_Asset,TimeZone,nvarchar,YES,128,,,NULL
dbo,_Asset,Description,nvarchar,YES,512,,,NULL
dbo,_Asset,Keywords,nvarchar,YES,512,,,NULL
dbo,_Asset,Geolocation,nvarchar,YES,128,,,NULL
dbo,_Asset,Id,nvarchar,YES,128,,,NULL
dbo,_Asset,ETag,nvarchar,YES,128,,,NULL
dbo,_AutoIntervalReplicationSchedule,ReplicationScheduleKey,int,NO,,10,0,NULL
dbo,_AutoIntervalReplicationSchedule,Period,smallint,NO,,5,0,NULL
dbo,_AutoIntervalReplicationSchedule,Unit,nvarchar,NO,32,,,NULL
dbo,_AutoReplicationGroup,ReplicationGroupKey,int,NO,,10,0,NULL
dbo,_AutoReplicationGroup,ReplicationGroupName,nvarchar,NO,255,,,NULL
dbo,_AutoReplicationGroup,ReplicationServerKey,int,NO,,10,0,NULL
dbo,_AutoReplicationGroup,ReplicationTypeKey,tinyint,NO,,3,0,NULL
dbo,_AutoReplicationGroup,ReplicationScheduleKey,int,NO,,10,0,NULL
dbo,_AutoReplicationGroup,SummaryReplicationNamingScheme,nvarchar,YES,512,,,NULL
dbo,_AutoReplicationGroup,GroupAbbreviation,nvarchar,YES,32,,,(N'')
dbo,_AutoReplicationGroup,ChangeVersion,timestamp,NO,,,,NULL
dbo,_AutoReplicationGroup,Status,tinyint,YES,,3,0,((0))
dbo,_AutoReplicationRule,Name,nvarchar,NO,255,,,NULL
dbo,_AutoReplicationRule,Priority,int,NO,,10,0,((0))
dbo,_AutoReplicationRule,TagFilter,nvarchar,NO,4000,,,NULL
dbo,_AutoReplicationRule,ReplicationGroupKey,int,NO,,10,0,NULL
dbo,_AutoReplicationRule,ReplicationServerKey,int,NO,,10,0,NULL
dbo,_AutoReplicationRule,Enabled,bit,NO,,,,((1))
dbo,_AutoReplicationRule,ApplyOtherRules,bit,NO,,,,((0))
dbo,_AutoReplicationRule,Id,int,NO,,10,0,NULL
dbo,_AutoReplicationRule,ChangeVersion,timestamp,NO,,,,NULL
dbo,_AutoReplicationSchedule,ReplicationScheduleKey,int,NO,,10,0,NULL
dbo,_AutoReplicationSchedule,ReplicationScheduleName,nvarchar,NO,255,,,NULL
dbo,_AutoReplicationSchedule,ReplicationScheduleTypeKey,int,NO,,10,0,NULL
dbo,_AutoReplicationSchedule,ReplicationScheduleAbbreviation,nvarchar,NO,32,,,NULL
dbo,_AutoReplicationSchedule,CreateGroup,bit,NO,,,,NULL
dbo,_AutoReplicationServer,ReplicationServerKey,int,NO,,10,0,NULL
dbo,_AutoReplicationServer,ReplicationServerName,nvarchar,NO,255,,,NULL
dbo,_AutoReplicationServer,Description,nvarchar,YES,512,,,NULL
dbo,_AutoReplicationServer,SFPath,nvarchar,YES,260,,,NULL
dbo,_AutoReplicationServer,SFFreeSpace,int,NO,,10,0,((125))
dbo,_AutoReplicationServer,CompressionEnabled,bit,YES,,,,((0))
dbo,_AutoReplicationServer,UserName,nvarchar,YES,255,,,NULL
dbo,_AutoReplicationServer,Password,nvarchar,YES,512,,,NULL
dbo,_AutoReplicationServer,TCPPort,int,NO,,10,0,((32568))
dbo,_AutoReplicationServer,SummaryReplicationNamingScheme,nvarchar,YES,512,,,NULL
dbo,_AutoReplicationServer,SimpleReplicationNamingScheme,nvarchar,YES,512,,,NULL
dbo,_AutoReplicationServer,BufferCount,int,NO,,10,0,((128))
dbo,_AutoReplicationServer,Bandwidth,int,NO,,10,0,((-1))
dbo,_AutoReplicationServer,MinSFDuration,int,NO,,10,0,((180))
dbo,_AutoReplicationServer,ConnectionDetails,nvarchar,YES,4000,,,NULL
dbo,_AutoReplicationServer,IntegratedSecurity,bit,YES,,,,((0))
dbo,_AutoReplicationServer,ReplicateEvents,bit,NO,,,,((1))
dbo,_AutoReplicationServer,ChangeVersion,timestamp,NO,,,,NULL
dbo,_AutoReplicationServer,Status,tinyint,YES,,3,0,((0))
dbo,_AutoReplicationServer,HighLatencyNetwork,bit,NO,,,,((0))
dbo,_AutoReplicationTagEntity,ReplicationTagEntityKey,int,NO,,10,0,NULL
dbo,_AutoReplicationTagEntity,ReplicationServerKey,int,NO,,10,0,NULL
dbo,_AutoReplicationTagEntity,DestinationTagName,nvarchar,NO,256,,,NULL
dbo,_AutoReplicationTagEntity,DestinationTagId,uniqueidentifier,NO,,,,(newsequentialid())
dbo,_AutoReplicationTagEntity,SourceTagName,nvarchar,NO,256,,,NULL
dbo,_AutoReplicationTagEntity,ReplicationGroupKey,int,NO,,10,0,NULL
dbo,_AutoReplicationTagEntity,MaximumStates,tinyint,NO,,3,0,NULL
dbo,_AutoReplicationTagEntity,CurrentEditor,tinyint,NO,,3,0,((0))
dbo,_AutoReplicationTagEntity,ReplicationTagEntityId,uniqueidentifier,NO,,,,(newsequentialid())
dbo,_AutoReplicationTagEntity,ChangeVersion,timestamp,NO,,,,NULL
dbo,_AutoReplicationTagEntity,Status,tinyint,YES,,3,0,((1))
dbo,_AutoTag,ShardId,uniqueidentifier,NO,,,,('00000000-0000-0000-0000-000000000001')
dbo,_AutoTag,TagId,uniqueidentifier,NO,,,,(newsequentialid())
dbo,_AutoTag,TagName,nvarchar,NO,256,,,NULL
dbo,_AutoTag,IOServerKey,int,YES,,10,0,NULL
dbo,_AutoTag,TopicKey,int,YES,,10,0,NULL
dbo,_AutoTag,Description,nvarchar,YES,512,,,(N'')
dbo,_AutoTag,AcquisitionType,tinyint,NO,,3,0,((1))
dbo,_AutoTag,StorageType,smallint,NO,,5,0,((2))
dbo,_AutoTag,StorageRate,int,NO,,10,0,((10000))
dbo,_AutoTag,ItemName,nvarchar,YES,256,,,(N'')
dbo,_AutoTag,TagType,int,NO,,10,0,NULL
dbo,_AutoTag,DeadbandType,smallint,NO,,5,0,((1))
dbo,_AutoTag,TimeDeadband,int,YES,,10,0,((0))
dbo,_AutoTag,ServerTimeStamp,bit,NO,,,,((0))
dbo,_AutoTag,ChannelStatus,tinyint,NO,,3,0,((1))
dbo,_AutoTag,MessageKey,int,YES,,10,0,NULL
dbo,_AutoTag,EUKey,int,YES,,10,0,NULL
dbo,_AutoTag,MinEU,float,YES,,53,,NULL
dbo,_AutoTag,MaxEU,float,YES,,53,,NULL
dbo,_AutoTag,MinRaw,float,YES,,53,,NULL
dbo,_AutoTag,MaxRaw,float,YES,,53,,NULL
dbo,_AutoTag,Scaling,int,YES,,10,0,NULL
dbo,_AutoTag,RawType,int,YES,,10,0,NULL
dbo,_AutoTag,ValueDeadband,float,YES,,53,,NULL
dbo,_AutoTag,IntegerSize,tinyint,YES,,3,0,NULL
dbo,_AutoTag,SignedInteger,bit,YES,,,,NULL
dbo,_AutoTag,RateDeadband,float,YES,,53,,NULL
dbo,_AutoTag,InterpolationType,tinyint,YES,,3,0,NULL
dbo,_AutoTag,RolloverValue,float,YES,,53,,NULL
dbo,_AutoTag,MaxLength,smallint,YES,,5,0,NULL
dbo,_AutoTag,DoubleByte,tinyint,YES,,3,0,NULL
dbo,_AutoTag,StructureId,uniqueidentifier,YES,,,,NULL
dbo,_AutoTag,SourceTag,nvarchar,YES,256,,,NULL
dbo,_AutoTag,SourceServer,nvarchar,YES,255,,,NULL
dbo,_AutoTag,SourceTagId,uniqueidentifier,YES,,,,NULL
dbo,_AutoTag,CurrentEditor,tinyint,NO,,3,0,((0))
dbo,_AutoTag,wwTagKey,int,NO,,10,0,NULL
dbo,_AutoTag,AIHistory,bit,NO,,,,((1))
dbo,_AutoTag,DateCreated,datetime2,NO,,,,(getdate())
dbo,_AutoTag,CreatedBy,nvarchar,NO,256,,,(suser_sname())
dbo,_AutoTag,ChangeVersion,timestamp,NO,,,,NULL
dbo,_AutoTag,CEVersion,tinyint,NO,,3,0,((0))
dbo,_AutoTag,Status,tinyint,YES,,3,0,((1))
dbo,_AutoTagHistory,TagId,uniqueidentifier,NO,,,,NULL
dbo,_AutoTagHistory,TagName,nvarchar,NO,256,,,NULL
dbo,_AutoTagHistory,Description,nvarchar,YES,512,,,(N'')
dbo,_AutoTagHistory,AcquisitionType,tinyint,NO,,3,0,((1))
dbo,_AutoTagHistory,StorageType,smallint,NO,,5,0,((2))
dbo,_AutoTagHistory,StorageRate,int,NO,,10,0,((10000))
dbo,_AutoTagHistory,TagType,int,NO,,10,0,NULL
dbo,_AutoTagHistory,TimeDeadband,int,YES,,10,0,((0))
dbo,_AutoTagHistory,DateCreated,datetime2,NO,,,,(getdate())
dbo,_AutoTagHistory,CreatedBy,nvarchar,NO,256,,,(suser_sname())
dbo,_AutoTagHistory,CurrentEditor,tinyint,NO,,3,0,((0))
dbo,_AutoTagHistory,ServerTimeStamp,bit,NO,,,,((0))
dbo,_AutoTagHistory,DeadbandType,smallint,NO,,5,0,((1))
dbo,_AutoTagHistory,ChannelStatus,tinyint,NO,,3,0,((1))
dbo,_AutoTagHistory,AIHistory,bit,NO,,,,((1))
dbo,_AutoTagHistory,Message0,nvarchar,YES,64,,,NULL
dbo,_AutoTagHistory,Message1,nvarchar,YES,64,,,NULL
dbo,_AutoTagHistory,Unit,nvarchar,YES,32,,,NULL
dbo,_AutoTagHistory,DefaultTagRate,int,YES,,10,0,NULL
dbo,_AutoTagHistory,IntegralDivisor,float,YES,,53,,NULL
dbo,_AutoTagHistory,MinEU,float,YES,,53,,NULL
dbo,_AutoTagHistory,MaxEU,float,YES,,53,,NULL
dbo,_AutoTagHistory,MinRaw,float,YES,,53,,NULL
dbo,_AutoTagHistory,MaxRaw,float,YES,,53,,NULL
dbo,_AutoTagHistory,Scaling,int,YES,,10,0,NULL
dbo,_AutoTagHistory,RawType,int,YES,,10,0,NULL
dbo,_AutoTagHistory,ValueDeadband,float,YES,,53,,NULL
dbo,_AutoTagHistory,IntegerSize,tinyint,YES,,3,0,NULL
dbo,_AutoTagHistory,SignedInteger,bit,YES,,,,NULL
dbo,_AutoTagHistory,RateDeadband,float,YES,,53,,NULL
dbo,_AutoTagHistory,InterpolationType,tinyint,YES,,3,0,NULL
dbo,_AutoTagHistory,RolloverValue,float,YES,,53,,NULL
dbo,_AutoTagHistory,MaxLength,smallint,YES,,5,0,NULL
dbo,_AutoTagHistory,DoubleByte,tinyint,YES,,3,0,NULL
dbo,_AutoTagHistory,StructureId,uniqueidentifier,YES,,,,NULL
dbo,_AutoTagHistory,SourceTag,nvarchar,YES,256,,,NULL
dbo,_AutoTagHistory,SourceServer,nvarchar,YES,255,,,NULL
dbo,_AutoTagHistory,SourceTagId,uniqueidentifier,YES,,,,NULL
dbo,_AutoTagHistory,ShardId,uniqueidentifier,NO,,,,('00000000-0000-0000-0000-000000000001')
dbo,_DeletedReplicationTagExtendedProperty,ReplicationTagExtendedPropertyKey,int,NO,,10,0,NULL
dbo,_DeletedReplicationTagExtendedProperty,ChangeVersion,timestamp,NO,,,,NULL
dbo,_EventTag,TagName,nvarchar,NO,256,,,NULL
dbo,_EventTag,DetectorTypeKey,int,YES,,10,0,NULL
dbo,_EventTag,DetectorString,nvarchar,YES,1500,,,(N'')
dbo,_EventTag,ActionTypeKey,int,YES,,10,0,NULL
dbo,_EventTag,ActionString,nvarchar,YES,1500,,,(N'')
dbo,_EventTag,UseThreadPool,bit,NO,,,,((1))
dbo,_EventTag,ScanRate,int,YES,,10,0,((60000))
dbo,_EventTag,Logged,bit,NO,,,,((1))
dbo,_EventTag,PostDetectorDelay,int,NO,,10,0,((0))
dbo,_EventTag,Priority,tinyint,NO,,3,0,((0))
dbo,_EventTag,Edge,tinyint,NO,,3,0,((1))
dbo,_EventTag,Status,tinyint,NO,,3,0,((0))
dbo,_IODriver,IODriverKey,int,NO,,10,0,NULL
dbo,_IODriver,ComputerName,nvarchar,NO,255,,,(N'')
dbo,_IODriver,AltComputerName,nvarchar,YES,255,,,(N'')
dbo,_IODriver,StoreForwardMode,tinyint,NO,,3,0,((0))
dbo,_IODriver,StoreForwardPath,nvarchar,YES,255,,,(N'')
dbo,_IODriver,MinMBThreshold,int,NO,,10,0,((16))
dbo,_IODriver,Status,tinyint,YES,,3,0,((1))
dbo,_IODriver,Enabled,bit,NO,,,,((1))
dbo,_IODriver,StoreForwardDuration,int,NO,,10,0,((180))
dbo,_IODriver,AutonomousStartupTimeout,int,NO,,10,0,((60))
dbo,_IODriver,BufferCount,int,NO,,10,0,((128))
dbo,_IODriver,FileChunkSize,int,NO,,10,0,((65536))
dbo,_IODriver,ForwardingDelay,int,NO,,10,0,((0))
dbo,_IODriver,ConnectionTimeout,int,NO,,10,0,((60))
dbo,_IODriver,CompressionEnabled,bit,NO,,,,((0))
dbo,_IODriver,TCPPort,int,NO,,10,0,((32568))
dbo,_IODriver,IntegratedSecurity,bit,NO,,,,((1))
dbo,_IODriver,UserName,nvarchar,YES,255,,,NULL
dbo,_IODriver,Password,nvarchar,YES,512,,,NULL
dbo,_IODriver,ConnectionDetails,nvarchar,YES,4000,,,NULL
dbo,_IODriver,Classic,bit,NO,,,,((0))
dbo,_IODriver,ChangeVersion,timestamp,NO,,,,NULL
dbo,_IOServer,IOServerKey,int,NO,,10,0,NULL
dbo,_IOServer,IODriverKey,int,YES,,10,0,NULL
dbo,_IOServer,ApplicationName,nvarchar,YES,32,,,NULL
dbo,_IOServer,Path,nvarchar,YES,255,,,NULL
dbo,_IOServer,ComputerName,nvarchar,YES,255,,,(N'')
dbo,_IOServer,AltComputerName,nvarchar,YES,255,,,(N'')
dbo,_IOServer,AutoStart,bit,NO,,,,((0))
dbo,_IOServer,ExeType,int,NO,,10,0,((0))
dbo,_IOServer,InitializationStatus,tinyint,NO,,3,0,((0))
dbo,_IOServer,ProtocolType,tinyint,NO,,3,0,((2))
dbo,_IOServer,Description,nvarchar,YES,50,,,(N'')
dbo,_IOServer,Status,tinyint,YES,,3,0,((1))
dbo,_ReplicationTagExtendedProperty,ReplicationTagExtendedPropertyKey,int,NO,,10,0,NULL
dbo,_ReplicationTagExtendedProperty,ReplicationServerKey,int,NO,,10,0,NULL
dbo,_ReplicationTagExtendedProperty,DestinationTagName,nvarchar,NO,256,,,NULL
dbo,_ReplicationTagExtendedProperty,PropertyNameKey,int,YES,,10,0,NULL
dbo,_ReplicationTagExtendedProperty,PropertyValue,sql_variant,NO,0,,,NULL
dbo,_ReplicationTagExtendedProperty,ChangeVersion,timestamp,NO,,,,NULL
dbo,_ReplicationTagExtendedProperty,Status,tinyint,YES,,3,0,((1))
dbo,_Tag,ShardId,uniqueidentifier,NO,,,,('00000000-0000-0000-0000-000000000000')
dbo,_Tag,TagId,uniqueidentifier,NO,,,,(newsequentialid())
dbo,_Tag,TagName,nvarchar,NO,256,,,NULL
dbo,_Tag,IOServerKey,int,YES,,10,0,NULL
dbo,_Tag,TopicKey,int,YES,,10,0,NULL
dbo,_Tag,Description,nvarchar,YES,512,,,(N'')
dbo,_Tag,AcquisitionType,tinyint,NO,,3,0,((1))
dbo,_Tag,StorageType,smallint,NO,,5,0,((2))
dbo,_Tag,StorageRate,int,NO,,10,0,((10000))
dbo,_Tag,ItemName,nvarchar,YES,256,,,(N'')
dbo,_Tag,TagType,int,NO,,10,0,NULL
dbo,_Tag,DeadbandType,smallint,NO,,5,0,((1))
dbo,_Tag,TimeDeadband,int,YES,,10,0,((0))
dbo,_Tag,ServerTimeStamp,bit,NO,,,,((0))
dbo,_Tag,ChannelStatus,tinyint,NO,,3,0,((1))
dbo,_Tag,MessageKey,int,YES,,10,0,NULL
dbo,_Tag,EUKey,int,YES,,10,0,NULL
dbo,_Tag,MinEU,float,YES,,53,,NULL
dbo,_Tag,MaxEU,float,YES,,53,,NULL
dbo,_Tag,MinRaw,float,YES,,53,,NULL
dbo,_Tag,MaxRaw,float,YES,,53,,NULL
dbo,_Tag,Scaling,int,YES,,10,0,NULL
dbo,_Tag,RawType,int,YES,,10,0,NULL
dbo,_Tag,ValueDeadband,float,YES,,53,,NULL
dbo,_Tag,IntegerSize,tinyint,YES,,3,0,NULL
dbo,_Tag,SignedInteger,bit,YES,,,,NULL
dbo,_Tag,RateDeadband,float,YES,,53,,NULL
dbo,_Tag,InterpolationType,tinyint,YES,,3,0,NULL
dbo,_Tag,RolloverValue,float,YES,,53,,NULL
dbo,_Tag,MaxLength,smallint,YES,,5,0,NULL
dbo,_Tag,DoubleByte,tinyint,YES,,3,0,NULL
dbo,_Tag,StructureId,uniqueidentifier,YES,,,,NULL
dbo,_Tag,SourceTag,nvarchar,YES,256,,,NULL
dbo,_Tag,SourceServer,nvarchar,YES,255,,,NULL
dbo,_Tag,SourceTagId,uniqueidentifier,YES,,,,NULL
dbo,_Tag,CurrentEditor,tinyint,NO,,3,0,((0))
dbo,_Tag,wwTagKey,int,NO,,10,0,NULL
dbo,_Tag,AIHistory,bit,NO,,,,((1))
dbo,_Tag,DateCreated,datetime2,NO,,,,(getdate())
dbo,_Tag,CreatedBy,nvarchar,NO,256,,,(suser_sname())
dbo,_Tag,ChangeVersion,timestamp,NO,,,,NULL
dbo,_Tag,CEVersion,tinyint,NO,,3,0,((0))
dbo,_Tag,Status,tinyint,YES,,3,0,((1))
dbo,_TagExtendedProperty,TagExtendedPropertyKey,int,NO,,10,0,NULL
dbo,_TagExtendedProperty,TagName,nvarchar,NO,256,,,NULL
dbo,_TagExtendedProperty,PropertyNameKey,int,YES,,10,0,NULL
dbo,_TagExtendedProperty,PropertyValue,sql_variant,NO,0,,,NULL
dbo,_TagExtendedProperty,ChangeVersion,timestamp,NO,,,,NULL
dbo,_Topic,TopicKey,int,NO,,10,0,NULL
dbo,_Topic,IOServerKey,int,NO,,10,0,NULL
dbo,_Topic,Name,nvarchar,NO,180,,,NULL
dbo,_Topic,TimeOut,int,NO,,10,0,((60000))
dbo,_Topic,Status,tinyint,YES,,3,0,((1))
dbo,_Topic,LateData,bit,NO,,,,((0))
dbo,_Topic,IdleDuration,int,NO,,10,0,((60))
dbo,_Topic,ProcessingInterval,int,NO,,10,0,((120))
dbo,aaAreaData,AreaKey,int,NO,,10,0,NULL
dbo,aaAreaData,Category,int,NO,,10,0,NULL
dbo,aaAreaData,AreaName,nvarchar,NO,255,,,NULL
dbo,aaAreaData,ContainedName,nvarchar,YES,255,,,NULL
dbo,aaAreaData,ParentKey,int,NO,,10,0,NULL
dbo,aaAreaXML,Version,bigint,YES,,19,0,((0))
dbo,aaAreaXML,AreaXML,ntext,YES,1073741823,,,NULL
dbo,aaAttributeData,AttributeName,nvarchar,NO,256,,,NULL
dbo,aaAttributeData,ObjectKey,int,NO,,10,0,NULL
dbo,aaAttributeData,wwDomainTagKey,int,NO,,10,0,((-1))
dbo,aaAttributeData,HierarchicalAttributeName,nvarchar,NO,256,,,(N'')
dbo,aaAttributeData,Location,nvarchar,NO,512,,,(N'')
dbo,aaAttributeData,ChangeVersion,timestamp,NO,,,,NULL
dbo,aaAttributeDataPending,AttributeName,nvarchar,NO,256,,,NULL
dbo,aaAttributeDataPending,ObjectKey,int,NO,,10,0,NULL
dbo,aaHistClientReport,ReportKey,int,NO,,10,0,NULL
dbo,aaHistClientReport,ReportSiteKey,int,NO,,10,0,NULL
dbo,aaHistClientReport,ReportFolderKey,int,NO,,10,0,NULL
dbo,aaHistClientReport,Name,nvarchar,NO,255,,,NULL
dbo,aaHistClientReport,ReportType,tinyint,NO,,3,0,((0))
dbo,aaHistClientReport,FileName,nvarchar,NO,255,,,NULL
dbo,aaHistClientReport,Description,nvarchar,YES,255,,,NULL
dbo,aaHistClientReport,ApplicationType,int,YES,,10,0,NULL
dbo,aaHistClientReport,LastRun,datetime,NO,,,,((0))
dbo,aaHistClientReport,ReportData,image,NO,2147483647,,,NULL
dbo,aaHistClientReport,Published,int,NO,,10,0,NULL
dbo,aaHistClientReport,LockdownOptions,nvarchar,YES,1024,,,NULL
dbo,aaHistClientReportsFolder,ReportSiteKey,int,NO,,10,0,NULL
dbo,aaHistClientReportsFolder,ReportFolderKey,int,NO,,10,0,NULL
dbo,aaHistClientReportsFolder,ReportFolderName,nvarchar,YES,255,,,NULL
dbo,aaHistClientReportsFolder,Description,nvarchar,YES,255,,,NULL
dbo,aaHistClientReportsFolder,ReportType,tinyint,NO,,3,0,NULL
dbo,aaHistClientReportsFolder,Disabled,tinyint,NO,,3,0,((0))
dbo,aaHistClientReportsFolder,DirectoryName,nvarchar,YES,255,,,('')
dbo,aaHistClientReportsFolder,FileNameFormat,nvarchar,YES,255,,,('')
dbo,aaHistClientReportsFolder,JobType,int,YES,,10,0,((0))
dbo,aaHistClientReportSite,ReportSiteKey,int,NO,,10,0,NULL
dbo,aaHistClientReportSite,SiteURL,nvarchar,NO,255,,,NULL
dbo,aaHistClientReportSite,SitePath,nvarchar,NO,255,,,NULL
dbo,aaHistClientReportSite,Description,nvarchar,YES,255,,,NULL
dbo,aaHistClientReportSite,SiteVersion,nvarchar,YES,10,,,NULL
dbo,aaHistClientReportSite,WISSiteName,nvarchar,YES,50,,,('Wonderware')
dbo,aaObjectData,ObjectKey,int,NO,,10,0,NULL
dbo,aaObjectData,Type,int,NO,,10,0,NULL
dbo,aaObjectData,aaTagName,nvarchar,YES,256,,,NULL
dbo,aaObjectData,ContainedName,nvarchar,YES,256,,,NULL
dbo,aaObjectData,ParentKey,int,NO,,10,0,NULL
dbo,aaObjectData,Status,tinyint,NO,,3,0,((0))
dbo,aaObjectDataPending,ObjectKey,int,NO,,10,0,NULL
dbo,aaObjectDataPending,Type,int,NO,,10,0,NULL
dbo,aaObjectDataPending,aaTagName,nvarchar,YES,256,,,NULL
dbo,aaObjectDataPending,ContainedName,nvarchar,YES,256,,,NULL
dbo,aaObjectDataPending,ParentKey,int,NO,,10,0,NULL
dbo,ActionType,ActionTypeKey,int,NO,,10,0,NULL
dbo,ActionType,Name,nvarchar,NO,33,,,NULL
dbo,ActionType,Description,nvarchar,YES,50,,,NULL
dbo,ActionType,EditorClassName,nvarchar,YES,80,,,NULL
dbo,ActionType,ActionClassName,nvarchar,YES,80,,,NULL
dbo,AnalogHistory,DateTime,datetime2,NO,,,,NULL
dbo,AnalogHistory,TagName,nvarchar,NO,256,,,NULL
dbo,AnalogHistory,Value,float,YES,,53,,NULL
dbo,AnalogHistory,Quality,tinyint,NO,,3,0,NULL
dbo,AnalogHistory,QualityDetail,int,YES,,10,0,NULL
dbo,AnalogHistory,OPCQuality,int,YES,,10,0,NULL
dbo,AnalogHistory,wwTagKey,int,NO,,10,0,NULL
dbo,AnalogHistory,wwRowCount,int,YES,,10,0,NULL
dbo,AnalogHistory,wwResolution,int,YES,,10,0,NULL
dbo,AnalogHistory,wwEdgeDetection,nvarchar,YES,16,,,NULL
dbo,AnalogHistory,wwRetrievalMode,nvarchar,YES,16,,,NULL
dbo,AnalogHistory,wwTimeDeadband,int,YES,,10,0,NULL
dbo,AnalogHistory,wwValueDeadband,float,YES,,53,,NULL
dbo,AnalogHistory,wwTimeZone,nvarchar,YES,50,,,NULL
dbo,AnalogHistory,wwVersion,nvarchar,YES,30,,,NULL
dbo,AnalogHistory,wwCycleCount,int,YES,,10,0,NULL
dbo,AnalogHistory,wwTimeStampRule,nvarchar,YES,20,,,NULL
dbo,AnalogHistory,wwInterpolationType,nvarchar,YES,20,,,NULL
dbo,AnalogHistory,wwQualityRule,nvarchar,YES,20,,,NULL
dbo,AnalogHistory,wwParameters,nvarchar,YES,128,,,NULL
dbo,AnalogHistory,wwOption,nvarchar,YES,512,,,NULL
dbo,AnalogHistory,wwExpression,nvarchar,YES,512,,,NULL
dbo,AnalogHistory,wwUnit,nvarchar,YES,512,,,NULL
dbo,AnalogLive,DateTime,datetime2,NO,,,,NULL
dbo,AnalogLive,TagName,nvarchar,NO,256,,,NULL
dbo,AnalogLive,Value,float,YES,,53,,NULL
dbo,AnalogLive,Quality,tinyint,NO,,3,0,NULL
dbo,AnalogLive,QualityDetail,int,YES,,10,0,NULL
dbo,AnalogLive,OPCQuality,int,YES,,10,0,NULL
dbo,AnalogLive,wwTagKey,int,NO,,10,0,NULL
dbo,AnalogLive,wwRetrievalMode,nvarchar,YES,16,,,NULL
dbo,AnalogLive,wwTimeDeadband,int,YES,,10,0,NULL
dbo,AnalogLive,wwValueDeadband,float,YES,,53,,NULL
dbo,AnalogLive,wwTimeZone,nvarchar,YES,50,,,NULL
dbo,AnalogLive,wwParameters,nvarchar,YES,128,,,NULL
dbo,AnalogLive,wwExpression,nvarchar,YES,4000,,,NULL
dbo,AnalogLive,wwUnit,nvarchar,YES,512,,,NULL
dbo,AnalogSnapshot,SnapshotTagKey,int,NO,,10,0,NULL
dbo,AnalogSnapshot,EventLogKey,int,NO,,10,0,NULL
dbo,AnalogSnapshot,Value,float,YES,,53,,NULL
dbo,AnalogSnapshot,Quality,tinyint,NO,,3,0,NULL
dbo,AnalogSnapshot,QualityDetail,int,YES,,10,0,NULL
dbo,AnalogSummaryHistory,TagName,nvarchar,NO,256,,,NULL
dbo,AnalogSummaryHistory,StartDateTime,datetime2,NO,,,,NULL
dbo,AnalogSummaryHistory,EndDateTime,datetime2,NO,,,,NULL
dbo,AnalogSummaryHistory,OPCQuality,int,YES,,10,0,NULL
dbo,AnalogSummaryHistory,PercentGood,float,YES,,53,,NULL
dbo,AnalogSummaryHistory,First,float,YES,,53,,NULL
dbo,AnalogSummaryHistory,FirstDateTime,datetime2,YES,,,,NULL
dbo,AnalogSummaryHistory,Last,float,YES,,53,,NULL
dbo,AnalogSummaryHistory,LastDateTime,datetime2,YES,,,,NULL
dbo,AnalogSummaryHistory,Minimum,float,YES,,53,,NULL
dbo,AnalogSummaryHistory,MinDateTime,datetime2,YES,,,,NULL
dbo,AnalogSummaryHistory,Maximum,float,YES,,53,,NULL
dbo,AnalogSummaryHistory,MaxDateTime,datetime2,YES,,,,NULL
dbo,AnalogSummaryHistory,Average,float,YES,,53,,NULL
dbo,AnalogSummaryHistory,StdDev,float,YES,,53,,NULL
dbo,AnalogSummaryHistory,Integral,float,YES,,53,,NULL
dbo,AnalogSummaryHistory,ValueCount,int,YES,,10,0,NULL
dbo,AnalogSummaryHistory,SourceTag,nvarchar,YES,256,,,NULL
dbo,AnalogSummaryHistory,SourceServer,nvarchar,YES,256,,,NULL
dbo,AnalogSummaryHistory,wwCycleCount,int,YES,,10,0,NULL
dbo,AnalogSummaryHistory,wwResolution,int,YES,,10,0,NULL
dbo,AnalogSummaryHistory,wwTimeZone,nvarchar,NO,50,,,NULL
dbo,AnalogSummaryHistory,wwVersion,nvarchar,NO,30,,,NULL
dbo,AnalogSummaryHistory,wwTagKey,int,NO,,10,0,NULL
dbo,AnalogSummaryHistory,wwRetrievalMode,nvarchar,NO,16,,,NULL
dbo,AnalogSummaryHistory,wwOption,nvarchar,YES,512,,,NULL
dbo,AnalogSummaryHistory,SliceBy,nvarchar,YES,256,,,NULL
dbo,AnalogSummaryHistory,SliceByValue,nvarchar,YES,4000,,,NULL
dbo,AnalogSummaryHistory,wwExpression,nvarchar,YES,4000,,,NULL
dbo,AnalogSummaryHistory,wwUnit,nvarchar,YES,512,,,NULL
dbo,AnalogSummaryTag,TagName,nvarchar,NO,256,,,NULL
dbo,AnalogSummaryTag,EUKey,int,YES,,10,0,NULL
dbo,AnalogSummaryTag,MinEU,float,YES,,53,,NULL
dbo,AnalogSummaryTag,MaxEU,float,YES,,53,,NULL
dbo,AnalogSummaryTag,MinRaw,float,YES,,53,,NULL
dbo,AnalogSummaryTag,MaxRaw,float,YES,,53,,NULL
dbo,AnalogTag,TagName,nvarchar,NO,256,,,NULL
dbo,AnalogTag,EUKey,int,YES,,10,0,NULL
dbo,AnalogTag,MinEU,float,YES,,53,,NULL
dbo,AnalogTag,MaxEU,float,YES,,53,,NULL
dbo,AnalogTag,MinRaw,float,YES,,53,,NULL
dbo,AnalogTag,MaxRaw,float,YES,,53,,NULL
dbo,AnalogTag,Scaling,int,YES,,10,0,NULL
dbo,AnalogTag,RawType,int,YES,,10,0,NULL
dbo,AnalogTag,ValueDeadband,float,YES,,53,,NULL
dbo,AnalogTag,IntegerSize,tinyint,YES,,3,0,NULL
dbo,AnalogTag,SignedInteger,bit,YES,,,,NULL
dbo,AnalogTag,RateDeadband,float,YES,,53,,NULL
dbo,AnalogTag,InterpolationType,tinyint,YES,,3,0,NULL
dbo,AnalogTag,RolloverValue,float,YES,,53,,NULL
dbo,Annotation,AnnotationKey,int,NO,,10,0,NULL
dbo,Annotation,UserKey,int,NO,,10,0,NULL
dbo,Annotation,TagName,nvarchar,NO,256,,,NULL
dbo,Annotation,DateCreated,datetime2,NO,,,,NULL
dbo,Annotation,Content,nvarchar,NO,1024,,,NULL
dbo,Annotation,DateTime,datetime2,NO,,,,NULL
dbo,Annotation,Value,int,NO,,10,0,NULL
dbo,AttributeType,AttributeTypeKey,int,NO,,10,0,NULL
dbo,AttributeType,AttributeTypeName,nvarchar,NO,255,,,NULL
dbo,AttributeType,AttributeTypeValue,tinyint,NO,,3,0,NULL
dbo,CalcType,CalcType,char,NO,3,,,NULL
dbo,CalcType,Description,nvarchar,YES,50,,,NULL
dbo,ChangeNotification,ChangeType,nvarchar,NO,128,,,NULL
dbo,ChangeNotification,ChangeTime,datetime2,NO,,,,NULL
dbo,ChangeNotification,ChangeVersion,timestamp,NO,,,,NULL
dbo,ChannelStatus,ChannelStatus,tinyint,NO,,3,0,NULL
dbo,ChannelStatus,Description,nvarchar,NO,255,,,NULL
dbo,ChartConfiguration,ChartConfigurationKey,int,NO,,10,0,NULL
dbo,ChartConfiguration,ChartConfigurationName,nvarchar,NO,200,,,NULL
dbo,ChartConfiguration,ChartConfigurationUrl,nvarchar,NO,100,,,NULL
dbo,ChartConfiguration,ChartConfigurationType,tinyint,NO,,3,0,NULL
dbo,ChartConfiguration,ChartConfigurationOwnerKey,int,NO,,10,0,NULL
dbo,ChartConfiguration,ChartConfigurationShareMode,tinyint,NO,,3,0,NULL
dbo,ChartConfiguration,LastSharedDateTimeUtc,datetime2,YES,,,,NULL
dbo,ChartConfiguration,CreationDateTimeUtc,datetime2,NO,,,,NULL
dbo,ChartConfiguration,TimePreset,nvarchar,YES,200,,,NULL
dbo,ChartConfiguration,TimeAggregate,tinyint,YES,,3,0,NULL
dbo,ChartConfiguration,ChartType,nvarchar,YES,100,,,NULL
dbo,ChartConfiguration,MobileShareMode,tinyint,NO,,3,0,NULL
dbo,ChartConfiguration,EmbedShareMode,tinyint,NO,,3,0,NULL
dbo,ChartConfiguration,LayoutInfo,nvarchar,NO,-1,,,(N'')
dbo,ChartConfigurationAuditLog,ChartConfigurationUrl,nvarchar,NO,100,,,NULL
dbo,ChartConfigurationAuditLog,ChartConfigurationUserKey,int,NO,,10,0,NULL
dbo,ChartConfigurationAuditLog,AuditLogDescription,nvarchar,NO,200,,,NULL
dbo,ChartConfigurationAuditLog,CreationDateTimeUtc,datetime2,NO,,,,NULL
dbo,ChartConfigurationKeyword,ChartConfigurationKey,int,NO,,10,0,NULL
dbo,ChartConfigurationKeyword,Keyword,nvarchar,NO,50,,,NULL
dbo,ChartConfigurationStatistics,ChartConfigurationUserKey,int,NO,,10,0,NULL
dbo,ChartConfigurationStatistics,ChartConfigurationKey,int,NO,,10,0,NULL
dbo,ChartConfigurationStatistics,LastAccessDateTimeUtc,datetime2,YES,,,,NULL
dbo,Comments,CommentsKey,int,NO,,10,0,NULL
dbo,Comments,CommentsTypeKey,tinyint,NO,,3,0,NULL
dbo,Comments,CommentsOwnerKey,int,NO,,10,0,NULL
dbo,Comments,CommentsShareMode,tinyint,NO,,3,0,NULL
dbo,Comments,FQN,nvarchar,NO,256,,,NULL
dbo,Comments,DateTime,datetime2,NO,,,,NULL
dbo,Comments,DateTimeUtc,datetime2,NO,,,,NULL
dbo,Comments,Content,nvarchar,NO,1024,,,NULL
dbo,Comments,CreationDateTime,datetime2,NO,,,,NULL
dbo,Comments,CreationDateTimeUtc,datetime2,NO,,,,NULL
dbo,Comments,ModifiedDateTime,datetime2,YES,,,,NULL
dbo,Comments,ModifiedDateTimeUtc,datetime2,YES,,,,NULL
dbo,Comments,LastSharedDateTime,datetime2,YES,,,,NULL
dbo,Comments,LastSharedDateTimeUtc,datetime2,YES,,,,NULL
dbo,CommentsType,CommentsTypeKey,tinyint,NO,,3,0,NULL
dbo,CommentsType,CommentsTypeName,nvarchar,YES,32,,,NULL
dbo,ConfigStatusPending,ID,int,NO,,10,0,NULL
dbo,ConfigStatusPending,Type,tinyint,NO,,3,0,NULL
dbo,ConfigStatusPending,ObjectKey,int,NO,,10,0,NULL
dbo,ConfigStatusPending,Status,tinyint,YES,,3,0,NULL
dbo,ConfigStatusSnapshot,ID,int,NO,,10,0,NULL
dbo,ConfigStatusSnapshot,Type,tinyint,NO,,3,0,NULL
dbo,ConfigStatusSnapshot,ObjectKey,int,NO,,10,0,NULL
dbo,ConfigStatusSnapshot,Status,tinyint,YES,,3,0,NULL
dbo,Context,ContextKey,int,NO,,10,0,NULL
dbo,Context,Description,nvarchar,NO,50,,,NULL
dbo,CurrentEditor,CurrentEditor,tinyint,NO,,3,0,NULL
dbo,CurrentEditor,EditorName,nvarchar,NO,-1,,,NULL
dbo,CustomReplicationSchedule,ReplicationScheduleKey,int,NO,,10,0,NULL
dbo,CustomReplicationSchedule,TimeOfDay,nvarchar,NO,10,,,NULL
dbo,DeletedReplicationTagEntity,ReplicationTagEntityKey,int,NO,,10,0,NULL
dbo,DeletedReplicationTagEntity,ChangeVersion,timestamp,NO,,,,NULL
dbo,DeletedTag,TagId,uniqueidentifier,NO,,,,NULL
dbo,DeletedTag,ChangeVersion,timestamp,NO,,,,NULL
dbo,DetectorType,DetectorTypeKey,int,NO,,10,0,NULL
dbo,DetectorType,Name,nvarchar,NO,33,,,NULL
dbo,DetectorType,Description,nvarchar,YES,50,,,NULL
dbo,DetectorType,EditorClassName,nvarchar,YES,80,,,NULL
dbo,DetectorType,DetectorClassName,nvarchar,YES,80,,,NULL
dbo,DetectorType,ExecutionMode,tinyint,NO,,3,0,((0))
dbo,Deviation,TagName,nvarchar,NO,256,,,NULL
dbo,Deviation,ContextKey,int,NO,,10,0,NULL
dbo,Deviation,MinorDeviation,real,YES,,24,,((0))
dbo,Deviation,MinorChecked,bit,NO,,,,((0))
dbo,Deviation,MinorPriority,int,YES,,10,0,((0))
dbo,Deviation,MajorDeviation,real,YES,,24,,((0))
dbo,Deviation,MajorChecked,bit,NO,,,,((0))
dbo,Deviation,MajorPriority,int,YES,,10,0,((0))
dbo,Deviation,Target,float,YES,,53,,NULL
dbo,Deviation,Deadband,real,YES,,24,,((0))
dbo,DiscreteHistory,DateTime,datetime2,NO,,,,NULL
dbo,DiscreteHistory,TagName,nvarchar,NO,256,,,NULL
dbo,DiscreteHistory,Value,float,YES,,53,,NULL
dbo,DiscreteHistory,Quality,tinyint,NO,,3,0,NULL
dbo,DiscreteHistory,QualityDetail,int,YES,,10,0,NULL
dbo,DiscreteHistory,OPCQuality,int,YES,,10,0,NULL
dbo,DiscreteHistory,wwTagKey,int,NO,,10,0,NULL
dbo,DiscreteHistory,wwRowCount,int,YES,,10,0,NULL
dbo,DiscreteHistory,wwResolution,int,YES,,10,0,NULL
dbo,DiscreteHistory,wwEdgeDetection,nvarchar,YES,16,,,NULL
dbo,DiscreteHistory,wwRetrievalMode,nvarchar,YES,16,,,NULL
dbo,DiscreteHistory,wwTimeDeadband,int,YES,,10,0,NULL
dbo,DiscreteHistory,wwTimeZone,nvarchar,YES,50,,,NULL
dbo,DiscreteHistory,wwVersion,nvarchar,YES,30,,,NULL
dbo,DiscreteHistory,wwCycleCount,int,YES,,10,0,NULL
dbo,DiscreteHistory,wwTimeStampRule,nvarchar,YES,20,,,NULL
dbo,DiscreteHistory,wwQualityRule,nvarchar,YES,20,,,NULL
dbo,DiscreteHistory,wwParameters,nvarchar,YES,128,,,NULL
dbo,DiscreteLive,DateTime,datetime2,NO,,,,NULL
dbo,DiscreteLive,TagName,nvarchar,NO,256,,,NULL
dbo,DiscreteLive,Value,float,YES,,53,,NULL
dbo,DiscreteLive,Quality,tinyint,NO,,3,0,NULL
dbo,DiscreteLive,QualityDetail,int,YES,,10,0,NULL
dbo,DiscreteLive,OPCQuality,int,YES,,10,0,NULL
dbo,DiscreteLive,wwTagKey,int,NO,,10,0,NULL
dbo,DiscreteLive,wwRetrievalMode,nvarchar,YES,16,,,NULL
dbo,DiscreteLive,wwTimeDeadband,int,YES,,10,0,NULL
dbo,DiscreteLive,wwTimeZone,nvarchar,YES,50,,,NULL
dbo,DiscreteLive,wwParameters,nvarchar,YES,128,,,NULL
dbo,DiscreteSnapshot,SnapshotTagKey,int,NO,,10,0,NULL
dbo,DiscreteSnapshot,EventLogKey,int,NO,,10,0,NULL
dbo,DiscreteSnapshot,Value,tinyint,YES,,3,0,NULL
dbo,DiscreteSnapshot,Quality,tinyint,NO,,3,0,NULL
dbo,DiscreteSnapshot,QualityDetail,int,YES,,10,0,NULL
dbo,DiscreteTag,TagName,nvarchar,NO,256,,,NULL
dbo,DiscreteTag,MessageKey,int,YES,,10,0,NULL
dbo,DynDailyAvg,TagName,nvarchar,NO,256,,,NULL
dbo,DynDailyAvg,SummaryDate,datetime2,NO,,,,NULL
dbo,DynDailyAvg,Value,float,YES,,53,,NULL
dbo,DynDailyAvg,Quality,tinyint,NO,,3,0,NULL
dbo,DynDailySum,TagName,nvarchar,NO,256,,,NULL
dbo,DynDailySum,SummaryDate,datetime2,NO,,,,NULL
dbo,DynDailySum,Value,float,YES,,53,,NULL
dbo,DynDailySum,Quality,tinyint,NO,,3,0,NULL
dbo,DynHourlyAvg,TagName,nvarchar,NO,256,,,NULL
dbo,DynHourlyAvg,SummaryDate,datetime2,NO,,,,NULL
dbo,DynHourlyAvg,Value,float,YES,,53,,NULL
dbo,DynHourlyAvg,Quality,tinyint,NO,,3,0,NULL
dbo,DynHourlyMax,TagName,nvarchar,NO,256,,,NULL
dbo,DynHourlyMax,SummaryDate,datetime2,NO,,,,NULL
dbo,DynHourlyMax,Value,float,YES,,53,,NULL
dbo,DynHourlyMax,Quality,tinyint,NO,,3,0,NULL
dbo,DynHourlyMin,TagName,nvarchar,NO,256,,,NULL
dbo,DynHourlyMin,SummaryDate,datetime2,NO,,,,NULL
dbo,DynHourlyMin,Value,float,YES,,53,,NULL
dbo,DynHourlyMin,Quality,tinyint,NO,,3,0,NULL
dbo,DynHourlySum,TagName,nvarchar,NO,256,,,NULL
dbo,DynHourlySum,SummaryDate,datetime2,NO,,,,NULL
dbo,DynHourlySum,Value,float,YES,,53,,NULL
dbo,DynHourlySum,Quality,tinyint,NO,,3,0,NULL
dbo,EngineeringUnit,EUKey,int,NO,,10,0,NULL
dbo,EngineeringUnit,Unit,nvarchar,YES,32,,,(N'')
dbo,EngineeringUnit,DefaultTagRate,int,YES,,10,0,((10000))
dbo,EngineeringUnit,Status,tinyint,YES,,3,0,NULL
dbo,EngineeringUnit,EUCKey,int,YES,,10,0,NULL
dbo,EngineeringUnit,EUChangeVersion,timestamp,NO,,,,NULL
dbo,EngineeringUnitCatalog,EUCKey,int,NO,,10,0,NULL
dbo,EngineeringUnitCatalog,EUDKey,int,NO,,10,0,NULL
dbo,EngineeringUnitCatalog,EUSKey,int,NO,,10,0,NULL
dbo,EngineeringUnitCatalog,Symbol,nvarchar,NO,50,,,NULL
dbo,EngineeringUnitCatalog,BasicSymbol,nvarchar,NO,50,,,NULL
dbo,EngineeringUnitCatalog,Description,nvarchar,NO,80,,,NULL
dbo,EngineeringUnitCatalog,IntegralDivisor,float,NO,,53,,((1))
dbo,EngineeringUnitCatalog,ToBaseOffset,float,NO,,53,,NULL
dbo,EngineeringUnitCatalog,ToBaseScaleFactor,float,NO,,53,,NULL
dbo,EngineeringUnitCatalog,IsVisible,bit,NO,,,,((1))
dbo,EngineeringUnitCatalog,IsSystem,bit,NO,,,,((0))
dbo,EngineeringUnitDimension,EUDKey,int,NO,,10,0,NULL
dbo,EngineeringUnitDimension,Dimension,nvarchar,NO,50,,,NULL
dbo,EngineeringUnitDimension,BaseEUCKey,int,YES,,10,0,NULL
dbo,EngineeringUnitDimension,IntegralEUDKey,int,YES,,10,0,NULL
dbo,EngineeringUnitDimension,DerivativeEUDKey,int,YES,,10,0,NULL
dbo,EngineeringUnitSystem,EUSKey,int,NO,,10,0,NULL
dbo,EngineeringUnitSystem,System,nvarchar,NO,50,,,NULL
dbo,ErrorLog,DateTime,datetime2,NO,,,,NULL
dbo,ErrorLog,Type,nvarchar,YES,10,,,(N'')
dbo,ErrorLog,ErrorCode,int,YES,,10,0,((0))
dbo,ErrorLog,Parameter,nvarchar,YES,256,,,(N'')
dbo,ErrorLog,TotalCount,int,YES,,10,0,((0))
dbo,ErrorLog,ModuleID,int,YES,,10,0,((0))
dbo,ErrorLog,Host,nvarchar,YES,32,,,(N'')
dbo,ErrorLog,FileName,nvarchar,YES,64,,,(N'')
dbo,ErrorLog,Line,int,YES,,10,0,((0))
dbo,EventHistory,EventLogKey,int,NO,,10,0,NULL
dbo,EventHistory,TagName,nvarchar,YES,256,,,NULL
dbo,EventHistory,DateTime,datetime2,NO,,,,NULL
dbo,EventHistory,DetectDateTime,datetime2,NO,,,,NULL
dbo,EventHistory,Edge,tinyint,YES,,3,0,((1))
dbo,Events,ID,nvarchar,YES,36,,,NULL
dbo,Events,EventTime,datetime2,NO,,,,NULL
dbo,Events,EventTimeUtc,datetime2,NO,,,,NULL
dbo,Events,EventTimeUTCOffsetMins,int,NO,,10,0,NULL
dbo,Events,Type,nvarchar,YES,4000,,,NULL
dbo,Events,Priority,int,NO,,10,0,NULL
dbo,Events,Severity,int,NO,,10,0,NULL
dbo,Events,IsAlarm,bit,NO,,,,NULL
dbo,Events,Source_ProcessVariable,nvarchar,YES,4000,,,NULL
dbo,Events,Source_Units,nvarchar,YES,4000,,,NULL
dbo,Events,Alarm_Acknowledged,bit,YES,,,,NULL
dbo,Events,Alarm_Class,nvarchar,YES,4000,,,NULL
dbo,Events,Alarm_Condition,nvarchar,YES,4000,,,NULL
dbo,Events,Alarm_DurationMs,int,YES,,10,0,NULL
dbo,Events,Alarm_ID,nvarchar,YES,36,,,NULL
dbo,Events,Alarm_InAlarm,bit,YES,,,,NULL
dbo,Events,Alarm_IsShelved,bit,YES,,,,NULL
dbo,Events,Alarm_IsSilenced,bit,YES,,,,NULL
dbo,Events,Alarm_LimitString,nvarchar,YES,4000,,,NULL
dbo,Events,Alarm_OriginationTime,datetime2,YES,,,,NULL
dbo,Events,Alarm_ShelveDurationMs,int,YES,,10,0,NULL
dbo,Events,Alarm_ShelveReason,nvarchar,YES,4000,,,NULL
dbo,Events,Alarm_ShelveStartTime,datetime2,YES,,,,NULL
dbo,Events,Alarm_State,nvarchar,YES,4000,,,NULL
dbo,Events,Alarm_TagType,nvarchar,YES,4000,,,NULL
dbo,Events,Alarm_Type,nvarchar,YES,4000,,,NULL
dbo,Events,Alarm_UnAckDurationMs,int,YES,,10,0,NULL
dbo,Events,Comment,nvarchar,YES,4000,,,NULL
dbo,Events,InTouchType,nvarchar,YES,4000,,,NULL
dbo,Events,Provider_ApplicationName,nvarchar,YES,4000,,,NULL
dbo,Events,Provider_InstanceName,nvarchar,YES,4000,,,NULL
dbo,Events,Provider_NodeName,nvarchar,YES,4000,,,NULL
dbo,Events,Provider_System,nvarchar,YES,4000,,,NULL
dbo,Events,Provider_SystemVersion,nvarchar,YES,4000,,,NULL
dbo,Events,ReceivedTime,datetime2,NO,,,,NULL
dbo,Events,Source_Area,nvarchar,YES,4000,,,NULL
dbo,Events,Source_ConditionVariable,nvarchar,YES,4000,,,NULL
dbo,Events,Source_Engine,nvarchar,YES,4000,,,NULL
dbo,Events,Source_HierarchicalArea,nvarchar,YES,4000,,,NULL
dbo,Events,Source_HierarchicalObject,nvarchar,YES,4000,,,NULL
dbo,Events,Source_Object,nvarchar,YES,4000,,,NULL
dbo,Events,Source_Platform,nvarchar,YES,4000,,,NULL
dbo,Events,User_Account,nvarchar,YES,4000,,,NULL
dbo,Events,User_Agent,nvarchar,YES,4000,,,NULL
dbo,Events,User_Email,nvarchar,YES,4000,,,NULL
dbo,Events,User_Name,nvarchar,YES,4000,,,NULL
dbo,Events,User_NodeName,nvarchar,YES,4000,,,NULL
dbo,Events,User_Phone,nvarchar,YES,4000,,,NULL
dbo,Events,ValueString,nvarchar,YES,4000,,,NULL
dbo,Events,PreviousValueString,nvarchar,YES,4000,,,NULL
dbo,Events,Verifier_Account,nvarchar,YES,4000,,,NULL
dbo,Events,Verifier_Agent,nvarchar,YES,4000,,,NULL
dbo,Events,Verifier_Email,nvarchar,YES,4000,,,NULL
dbo,Events,Verifier_Name,nvarchar,YES,4000,,,NULL
dbo,Events,Verifier_NodeName,nvarchar,YES,4000,,,NULL
dbo,Events,Verifier_Phone,nvarchar,YES,4000,,,NULL
dbo,Events,wwTimeZone,nvarchar,NO,50,,,NULL
dbo,Events,Source_Name,nvarchar,YES,4000,,,NULL
dbo,Events,Namespace,nvarchar,YES,4000,,,NULL
dbo,EventTag,TagName,nvarchar,NO,256,,,NULL
dbo,EventTag,DetectorTypeKey,int,YES,,10,0,NULL
dbo,EventTag,ActionTypeKey,int,YES,,10,0,NULL
dbo,EventTag,ScanRate,int,YES,,10,0,NULL
dbo,EventTag,TimeDeadband,int,YES,,10,0,NULL
dbo,EventTag,Logged,bit,NO,,,,NULL
dbo,EventTag,Status,tinyint,NO,,3,0,NULL
dbo,EventTag,PostDetectorDelay,int,NO,,10,0,NULL
dbo,EventTag,UseThreadPool,bit,NO,,,,NULL
dbo,EventTag,DetectorString,nvarchar,YES,1500,,,NULL
dbo,EventTag,ActionString,nvarchar,YES,1500,,,NULL
dbo,EventTag,Priority,tinyint,NO,,3,0,NULL
dbo,EventTag,Edge,tinyint,NO,,3,0,NULL
dbo,EventTagPendingDelete,TagName,nvarchar,NO,256,,,NULL
dbo,EventTagPendingDelete,DetectorTypeKey,int,YES,,10,0,NULL
dbo,EventTagPendingDelete,ActionTypeKey,int,YES,,10,0,NULL
dbo,EventTagPendingDelete,ScanRate,int,YES,,10,0,NULL
dbo,EventTagPendingDelete,TimeDeadband,int,NO,,10,0,((0))
dbo,EventTagPendingDelete,Logged,bit,NO,,,,((1))
dbo,EventTagPendingDelete,Status,tinyint,NO,,3,0,((0))
dbo,EventTagPendingDelete,PostDetectorDelay,int,NO,,10,0,((0))
dbo,EventTagPendingDelete,UseThreadPool,bit,NO,,,,((1))
dbo,EventTagPendingDelete,DetectorString,nvarchar,YES,1500,,,NULL
dbo,EventTagPendingDelete,ActionString,nvarchar,YES,1500,,,NULL
dbo,EventTagPendingDelete,Priority,tinyint,NO,,3,0,((0))
dbo,EventTagPendingDelete,Edge,tinyint,YES,,3,0,((1))
dbo,Frequency,FrequencyID,int,NO,,10,0,NULL
dbo,Frequency,Frequency,nvarchar,NO,12,,,NULL
dbo,GroupTagList,GroupID,int,NO,,10,0,NULL
dbo,GroupTagList,wwDomainTagKey,int,NO,,10,0,NULL
dbo,GroupTagList,Triggerval,float,YES,,53,,NULL
dbo,HistorianSysObjects,id,int,NO,,10,0,NULL
dbo,HistorianSysObjects,Type,char,YES,2,,,NULL
dbo,HistorianSysObjects,Name,varchar,YES,50,,,NULL
dbo,History,DateTime,datetime2,NO,,,,NULL
dbo,History,TagName,nvarchar,NO,256,,,NULL
dbo,History,Value,float,YES,,53,,NULL
dbo,History,vValue,nvarchar,YES,4000,,,NULL
dbo,History,Quality,tinyint,NO,,3,0,NULL
dbo,History,QualityDetail,int,YES,,10,0,NULL
dbo,History,OPCQuality,int,YES,,10,0,NULL
dbo,History,wwTagKey,int,NO,,10,0,NULL
dbo,History,wwRowCount,int,YES,,10,0,NULL
dbo,History,wwResolution,int,YES,,10,0,NULL
dbo,History,wwEdgeDetection,nvarchar,YES,16,,,NULL
dbo,History,wwRetrievalMode,nvarchar,YES,16,,,NULL
dbo,History,wwTimeDeadband,int,YES,,10,0,NULL
dbo,History,wwValueDeadband,float,YES,,53,,NULL
dbo,History,wwTimeZone,nvarchar,YES,50,,,NULL
dbo,History,wwVersion,nvarchar,YES,30,,,NULL
dbo,History,wwCycleCount,int,YES,,10,0,NULL
dbo,History,wwTimeStampRule,nvarchar,YES,20,,,NULL
dbo,History,wwInterpolationType,nvarchar,YES,20,,,NULL
dbo,History,wwQualityRule,nvarchar,YES,20,,,NULL
dbo,History,wwStateCalc,nvarchar,YES,20,,,NULL
dbo,History,StateTime,float,YES,,53,,NULL
dbo,History,PercentGood,float,YES,,53,,NULL
dbo,History,wwParameters,nvarchar,YES,128,,,NULL
dbo,History,StartDateTime,datetime2,NO,,,,NULL
dbo,History,SourceTag,nvarchar,YES,256,,,NULL
dbo,History,SourceServer,nvarchar,YES,256,,,NULL
dbo,History,wwFilter,nvarchar,YES,512,,,NULL
dbo,History,wwValueSelector,nvarchar,NO,128,,,NULL
dbo,History,wwMaxStates,int,YES,,10,0,NULL
dbo,History,wwOption,nvarchar,YES,512,,,NULL
dbo,History,wwExpression,nvarchar,YES,4000,,,NULL
dbo,History,wwUnit,nvarchar,YES,512,,,NULL
dbo,HistoryBlock,FromDate,datetime2,NO,,,,NULL
dbo,HistoryBlock,ToDate,datetime2,NO,,,,NULL
dbo,HistoryBlock,StorageNodeKey,int,NO,,10,0,NULL
dbo,HistoryBlock,Description,nvarchar,YES,50,,,NULL
dbo,HistoryBlock,OnLine,tinyint,NO,,3,0,NULL
dbo,HistoryBlock,HistoryArchived,int,NO,,10,0,NULL
dbo,HistoryBlock,SummaryArchived,int,NO,,10,0,NULL
dbo,HistoryBlock,EventArchived,int,NO,,10,0,NULL
dbo,HistoryBlock,StorageAreaType,int,NO,,10,0,NULL
dbo,HistoryBlock,ArchiveDate,datetime2,YES,,,,NULL
dbo,HistoryBlock,ArchiveLocation,nvarchar,YES,50,,,NULL
dbo,HistoryBlock,Version,int,YES,,10,0,NULL
dbo,HistoryBlock,Compression,int,YES,,10,0,NULL
dbo,HistoryBlock,Sequence,int,NO,,10,0,NULL
dbo,HistoryBlock,TimeZoneOffset,int,YES,,10,0,NULL
dbo,HistoryBlock,wwTimeZone,nvarchar,YES,50,,,NULL
dbo,InSQLSysObjects,id,int,NO,,10,0,NULL
dbo,InSQLSysObjects,Type,char,YES,2,,,NULL
dbo,InSQLSysObjects,Name,varchar,YES,50,,,NULL
dbo,IntervalReplicationSchedule,ReplicationScheduleKey,int,NO,,10,0,NULL
dbo,IntervalReplicationSchedule,Period,smallint,NO,,5,0,NULL
dbo,IntervalReplicationSchedule,Unit,nvarchar,NO,32,,,NULL
dbo,InTouchNode,NodeKey,int,NO,,10,0,NULL
dbo,InTouchNode,MachineName,nvarchar,NO,255,,,NULL
dbo,InTouchNode,ApplicationName,nvarchar,YES,32,,,NULL
dbo,InTouchNode,Path,nvarchar,YES,250,,,NULL
dbo,InTouchNode,Description,nvarchar,YES,50,,,NULL
dbo,InTouchNode,DuplicateChar,nvarchar,NO,12,,,(N'')
dbo,InTouchNode,PrefixOrSuffix,bit,NO,,,,((0))
dbo,InTouchNode,AlwaysModifyName,bit,NO,,,,((0))
dbo,InTouchNode,ImportPlantTags,tinyint,NO,,3,0,((0))
dbo,InTouchNode,ImportSystemTags,tinyint,NO,,3,0,((0))
dbo,InTouchNode,ImportMemoryTags,tinyint,NO,,3,0,((0))
dbo,InTouchNode,ImportAllTags,int,NO,,10,0,((0))
dbo,InTouchNode,FixedStorageRate,tinyint,NO,,3,0,((0))
dbo,InTouchNode,ImportRoute,tinyint,NO,,3,0,((0))
dbo,InTouchSpecific,NodeKey,int,NO,,10,0,NULL
dbo,InTouchSpecific,TagName,nvarchar,NO,256,,,NULL
dbo,InTouchSpecific,OriginalName,nvarchar,NO,32,,,(N'')
dbo,InTouchSpecific,TypeInfo,int,NO,,10,0,NULL
dbo,InTouchSpecific,InInSQL,bit,NO,,,,((0))
dbo,InTouchSpecific,Comment,nvarchar,YES,50,,,NULL
dbo,IODriver,IODriverKey,int,NO,,10,0,NULL
dbo,IODriver,StorageNodeKey,int,NO,,10,0,NULL
dbo,IODriver,ComputerName,nvarchar,NO,255,,,NULL
dbo,IODriver,AltComputerName,nvarchar,YES,255,,,NULL
dbo,IODriver,StoreForwardMode,tinyint,NO,,3,0,NULL
dbo,IODriver,StoreForwardPath,nvarchar,YES,255,,,NULL
dbo,IODriver,MinMBThreshold,int,NO,,10,0,NULL
dbo,IODriver,Status,tinyint,YES,,3,0,NULL
dbo,IODriver,Enabled,bit,NO,,,,NULL
dbo,IODriver,StoreForwardDuration,int,NO,,10,0,NULL
dbo,IODriver,AutonomousStartupTimeout,int,NO,,10,0,NULL
dbo,IODriver,BufferCount,int,NO,,10,0,NULL
dbo,IODriver,FileChunkSize,int,NO,,10,0,NULL
dbo,IODriver,ForwardingDelay,int,NO,,10,0,NULL
dbo,IODriver,ConnectionTimeout,int,NO,,10,0,NULL
dbo,IOServer,IOServerKey,int,NO,,10,0,NULL
dbo,IOServer,StorageNodeKey,int,NO,,10,0,NULL
dbo,IOServer,IODriverKey,int,YES,,10,0,NULL
dbo,IOServer,ApplicationName,nvarchar,YES,32,,,NULL
dbo,IOServer,Path,nvarchar,YES,255,,,NULL
dbo,IOServer,ComputerName,nvarchar,YES,255,,,NULL
dbo,IOServer,AltComputerName,nvarchar,YES,255,,,NULL
dbo,IOServer,AutoStart,bit,NO,,,,NULL
dbo,IOServer,ExeType,int,NO,,10,0,NULL
dbo,IOServer,InitializationStatus,tinyint,NO,,3,0,NULL
dbo,IOServer,Description,tinyint,NO,,3,0,NULL
dbo,IOServer,Status,tinyint,YES,,3,0,NULL
dbo,IOServerType,ApplicationName,nvarchar,NO,32,,,NULL
dbo,IOServerType,Description,nvarchar,YES,100,,,NULL
dbo,IOServerType,ExeName,nvarchar,YES,255,,,NULL
dbo,IOServerType,Revision,nchar,YES,20,,,NULL
dbo,Limit,TagName,nvarchar,NO,256,,,NULL
dbo,Limit,ContextKey,int,NO,,10,0,NULL
dbo,Limit,LimitType,tinyint,NO,,3,0,NULL
dbo,Limit,Value,float,NO,,53,,NULL
dbo,Limit,LimitNameKey,int,NO,,10,0,NULL
dbo,Limit,Priority,int,NO,,10,0,((0))
dbo,Limit,Checked,bit,NO,,,,NULL
dbo,Limit,Description,nvarchar,YES,50,,,NULL
dbo,LimitName,LimitNameKey,int,NO,,10,0,NULL
dbo,LimitName,Name,nvarchar,YES,20,,,NULL
dbo,Live,DateTime,datetime2,NO,,,,NULL
dbo,Live,TagName,nvarchar,NO,256,,,NULL
dbo,Live,Value,float,YES,,53,,NULL
dbo,Live,vValue,nvarchar,YES,4000,,,NULL
dbo,Live,Quality,tinyint,NO,,3,0,NULL
dbo,Live,QualityDetail,int,YES,,10,0,NULL
dbo,Live,OPCQuality,int,YES,,10,0,NULL
dbo,Live,wwTagKey,int,NO,,10,0,NULL
dbo,Live,wwRetrievalMode,nvarchar,YES,16,,,NULL
dbo,Live,wwTimeDeadband,int,YES,,10,0,NULL
dbo,Live,wwValueDeadband,float,YES,,53,,NULL
dbo,Live,wwTimeZone,nvarchar,YES,50,,,NULL
dbo,Live,wwParameters,nvarchar,YES,128,,,NULL
dbo,Live,SourceTag,nvarchar,YES,256,,,NULL
dbo,Live,SourceServer,nvarchar,YES,256,,,NULL
dbo,Live,wwValueSelector,nvarchar,NO,128,,,NULL
dbo,Live,wwExpression,nvarchar,YES,4000,,,NULL
dbo,Live,wwUnit,nvarchar,YES,512,,,NULL
dbo,LocalizedText,TextKey,int,NO,,10,0,NULL
dbo,LocalizedText,LanguageID,int,NO,,10,0,NULL
dbo,LocalizedText,LocalizedText,nvarchar,YES,-1,,,NULL
dbo,ManualAnalogHistory,DateTime,datetime2,NO,,,,NULL
dbo,ManualAnalogHistory,TagName,nvarchar,NO,256,,,NULL
dbo,ManualAnalogHistory,Value,float,YES,,53,,NULL
dbo,ManualAnalogHistory,Quality,tinyint,NO,,3,0,NULL
dbo,ManualAnalogHistory,QualityDetail,int,YES,,10,0,NULL
dbo,ManualAnalogHistory,wwTagKey,int,NO,,10,0,NULL
dbo,ManualDiscreteHistory,DateTime,datetime2,NO,,,,NULL
dbo,ManualDiscreteHistory,TagName,nvarchar,NO,256,,,NULL
dbo,ManualDiscreteHistory,Value,tinyint,YES,,3,0,NULL
dbo,ManualDiscreteHistory,Quality,tinyint,NO,,3,0,NULL
dbo,ManualDiscreteHistory,QualityDetail,int,YES,,10,0,NULL
dbo,ManualDiscreteHistory,wwTagKey,int,NO,,10,0,NULL
dbo,ManualStringHistory,DateTime,datetime2,NO,,,,NULL
dbo,ManualStringHistory,TagName,nvarchar,NO,256,,,NULL
dbo,ManualStringHistory,Value,nvarchar,YES,512,,,NULL
dbo,ManualStringHistory,Quality,tinyint,NO,,3,0,NULL
dbo,ManualStringHistory,QualityDetail,int,YES,,10,0,NULL
dbo,ManualStringHistory,wwTagKey,int,NO,,10,0,NULL
dbo,Message,MessageKey,int,NO,,10,0,NULL
dbo,Message,Message0,nvarchar,YES,64,,,(N'')
dbo,Message,Message1,nvarchar,YES,64,,,(N'')
dbo,ModLogColumn,ModTableKey,int,NO,,10,0,NULL
dbo,ModLogColumn,ColumnName,nvarchar,NO,128,,,NULL
dbo,ModLogColumn,OldValue,sql_variant,YES,0,,,(N'N/A')
dbo,ModLogColumn,NewValue,sql_variant,YES,0,,,(N'N/A')
dbo,ModLogTable,ModTableKey,int,NO,,10,0,NULL
dbo,ModLogTable,id,int,NO,,10,0,NULL
dbo,ModLogTable,ModType,char,NO,1,,,NULL
dbo,ModLogTable,RowKey,sql_variant,NO,0,,,NULL
dbo,ModLogTable,UserKey,int,NO,,10,0,NULL
dbo,ModLogTable,DateTime,datetime2,NO,,,,NULL
dbo,ModLogTable,UserName,nvarchar,NO,256,,,NULL
dbo,NamedSystemParameter,Name,nvarchar,NO,50,,,NULL
dbo,NamedSystemParameter,Type,varchar,YES,7,,,NULL
dbo,NamedSystemParameter,StringValue,varchar,YES,255,,,NULL
dbo,NamedSystemParameter,NumericValue,real,YES,,24,,NULL
dbo,NamedSystemParameter,Editable,bit,NO,,,,NULL
dbo,NamedSystemParameter,Description,nvarchar,YES,255,,,NULL
dbo,NameSpaceIcons,Type,int,NO,,10,0,NULL
dbo,NameSpaceIcons,Icon,image,YES,2147483647,,,NULL
dbo,NameSpaceIcons,Name,nvarchar,NO,30,,,NULL
dbo,NameSpaceIcons,Description,nvarchar,YES,50,,,NULL
dbo,OPCQualityMap,OPCQuality,tinyint,NO,,3,0,NULL
dbo,OPCQualityMap,Description,nvarchar,YES,100,,,NULL
dbo,PrivateGroupTag,NameKey,int,NO,,10,0,NULL
dbo,PrivateGroupTag,UserKey,int,NO,,10,0,NULL
dbo,PrivateGroupTag,wwDomainTagKey,int,NO,,10,0,NULL
dbo,PrivateNameSpace,UserKey,int,NO,,10,0,NULL
dbo,PrivateNameSpace,NameKey,int,NO,,10,0,NULL
dbo,PrivateNameSpace,Type,int,YES,,10,0,NULL
dbo,PrivateNameSpace,Name,nvarchar,YES,255,,,NULL
dbo,PrivateNameSpace,ConfigStor,ntext,YES,1073741823,,,NULL
dbo,PrivateNameSpace,ParentKey,int,NO,,10,0,NULL
dbo,PublicGroupTag,NameKey,int,NO,,10,0,NULL
dbo,PublicGroupTag,wwDomainTagKey,int,NO,,10,0,NULL
dbo,PublicNameSpace,NameKey,int,NO,,10,0,NULL
dbo,PublicNameSpace,Type,int,YES,,10,0,NULL
dbo,PublicNameSpace,Name,nvarchar,YES,255,,,NULL
dbo,PublicNameSpace,ConfigStor,ntext,YES,1073741823,,,NULL
dbo,PublicNameSpace,ParentKey,int,NO,,10,0,NULL
dbo,PublicNameSpace,OriginalName,nvarchar,NO,255,,,NULL
dbo,QualityMap,QualityDetail,int,NO,,10,0,NULL
dbo,QualityMap,QualityString,nvarchar,YES,-1,,,NULL
dbo,RateOfChange,TagName,nvarchar,NO,256,,,NULL
dbo,RateOfChange,ContextKey,int,NO,,10,0,NULL
dbo,RateOfChange,Value,float,NO,,53,,NULL
dbo,RateOfChange,TimeBase,int,NO,,10,0,NULL
dbo,RateOfChange,Priority,int,NO,,10,0,((0))
dbo,RateOfChange,Checked,bit,NO,,,,((0))
dbo,ReplicationGroup,ReplicationGroupKey,int,NO,,10,0,NULL
dbo,ReplicationGroup,ReplicationGroupName,nvarchar,NO,255,,,NULL
dbo,ReplicationGroup,ReplicationServerKey,int,NO,,10,0,NULL
dbo,ReplicationGroup,ReplicationTypeKey,tinyint,NO,,3,0,NULL
dbo,ReplicationGroup,ReplicationScheduleKey,int,NO,,10,0,NULL
dbo,ReplicationGroup,SummaryReplicationNamingScheme,nvarchar,YES,512,,,NULL
dbo,ReplicationGroup,GroupAbbreviation,nvarchar,YES,32,,,(N'')
dbo,ReplicationGroup,ChangeVersion,timestamp,NO,,,,NULL
dbo,ReplicationGroup,Status,tinyint,YES,,3,0,((0))
dbo,ReplicationRule,Name,nvarchar,NO,255,,,NULL
dbo,ReplicationRule,Priority,int,NO,,10,0,((0))
dbo,ReplicationRule,TagFilter,nvarchar,NO,4000,,,NULL
dbo,ReplicationRule,ReplicationGroupKey,int,NO,,10,0,NULL
dbo,ReplicationRule,ReplicationServerKey,int,NO,,10,0,NULL
dbo,ReplicationRule,Enabled,bit,NO,,,,((1))
dbo,ReplicationRule,ApplyOtherRules,bit,NO,,,,((0))
dbo,ReplicationRule,Id,int,NO,,10,0,NULL
dbo,ReplicationRule,ChangeVersion,timestamp,NO,,,,NULL
dbo,ReplicationSchedule,ReplicationScheduleKey,int,NO,,10,0,NULL
dbo,ReplicationSchedule,ReplicationScheduleName,nvarchar,NO,255,,,NULL
dbo,ReplicationSchedule,ReplicationScheduleTypeKey,int,NO,,10,0,NULL
dbo,ReplicationSchedule,ReplicationScheduleAbbreviation,nvarchar,NO,32,,,NULL
dbo,ReplicationSchedule,CreateGroup,bit,NO,,,,NULL
dbo,ReplicationScheduleType,ReplicationScheduleTypeKey,int,NO,,10,0,NULL
dbo,ReplicationScheduleType,ReplicationScheduleTypeName,nvarchar,YES,32,,,NULL
dbo,ReplicationServer,ReplicationServerKey,int,NO,,10,0,NULL
dbo,ReplicationServer,ReplicationServerName,nvarchar,NO,255,,,NULL
dbo,ReplicationServer,Description,nvarchar,YES,512,,,NULL
dbo,ReplicationServer,SFPath,nvarchar,YES,260,,,NULL
dbo,ReplicationServer,SFFreeSpace,int,NO,,10,0,((125))
dbo,ReplicationServer,CompressionEnabled,bit,YES,,,,((0))
dbo,ReplicationServer,UserName,nvarchar,YES,255,,,NULL
dbo,ReplicationServer,Password,nvarchar,YES,512,,,NULL
dbo,ReplicationServer,TCPPort,int,NO,,10,0,((32568))
dbo,ReplicationServer,SummaryReplicationNamingScheme,nvarchar,YES,512,,,NULL
dbo,ReplicationServer,SimpleReplicationNamingScheme,nvarchar,YES,512,,,NULL
dbo,ReplicationServer,BufferCount,int,NO,,10,0,((128))
dbo,ReplicationServer,Bandwidth,int,NO,,10,0,((-1))
dbo,ReplicationServer,MinSFDuration,int,NO,,10,0,((180))
dbo,ReplicationServer,ConnectionDetails,nvarchar,YES,4000,,,NULL
dbo,ReplicationServer,IntegratedSecurity,bit,YES,,,,((0))
dbo,ReplicationServer,ReplicateEvents,bit,NO,,,,((1))
dbo,ReplicationServer,ChangeVersion,timestamp,NO,,,,NULL
dbo,ReplicationServer,Status,tinyint,YES,,3,0,((0))
dbo,ReplicationServer,HighLatencyNetwork,bit,NO,,,,((0))
dbo,ReplicationShard,ShardId,uniqueidentifier,NO,,,,NULL
dbo,ReplicationShard,ShardName,nvarchar,NO,255,,,NULL
dbo,ReplicationShard,Description,nvarchar,YES,512,,,(N'')
dbo,ReplicationShard,ComputerName,nvarchar,YES,255,,,NULL
dbo,ReplicationShard,CmdArgs,nvarchar,YES,4000,,,(N'')
dbo,ReplicationShard,CmdExtArgs,nvarchar,YES,4000,,,(N'')
dbo,ReplicationShard,Id,int,NO,,10,0,NULL
dbo,ReplicationShard,Status,tinyint,YES,,3,0,((0))
dbo,ReplicationSyncRequest,ReplicationSyncRequestKey,bigint,NO,,19,0,NULL
dbo,ReplicationSyncRequest,ReplicationTagEntityKey,int,NO,,10,0,NULL
dbo,ReplicationSyncRequest,RequestVersion,smallint,NO,,5,0,((0))
dbo,ReplicationSyncRequest,ModStartDateTimeUtc,datetime2,NO,,,,NULL
dbo,ReplicationSyncRequest,ModEndDateTimeUtc,datetime2,NO,,,,NULL
dbo,ReplicationSyncRequest,EarliestExecutionDateTimeUtc,datetime2,YES,,,,NULL
dbo,ReplicationSyncRequest,ExecuteState,tinyint,NO,,3,0,NULL
dbo,ReplicationSyncRequestInfo,SourceTagName,nvarchar,YES,256,,,NULL
dbo,ReplicationSyncRequestInfo,ReplicationServerName,nvarchar,YES,255,,,NULL
dbo,ReplicationSyncRequestInfo,DestinationTagName,nvarchar,YES,256,,,NULL
dbo,ReplicationSyncRequestInfo,EarliestExecutionDateTimeUtc,datetime2,YES,,,,NULL
dbo,ReplicationSyncRequestInfo,ModStartDateTimeUtc,datetime2,NO,,,,NULL
dbo,ReplicationSyncRequestInfo,ModEndDateTimeUtc,datetime2,NO,,,,NULL
dbo,ReplicationSyncRequestInfo,ReplicationSyncRequestKey,bigint,NO,,19,0,NULL
dbo,ReplicationSyncRequestInfo,ReplicationTagEntityKey,int,NO,,10,0,NULL
dbo,ReplicationSyncRequestInfo,RequestVersion,smallint,NO,,5,0,NULL
dbo,ReplicationSyncRequestInfo,ExecuteState,tinyint,NO,,3,0,NULL
dbo,ReplicationSyncRequestInfo,CurrentEditor,tinyint,YES,,3,0,NULL
dbo,ReplicationSyncRequestInfo,DestinationTagId,uniqueidentifier,YES,,,,NULL
dbo,ReplicationSyncRequestInfo,MaximumStates,tinyint,YES,,3,0,NULL
dbo,ReplicationSyncRequestInfo,ReplicationGroupKey,int,YES,,10,0,NULL
dbo,ReplicationSyncRequestInfo,ReplicationServerKey,int,YES,,10,0,NULL
dbo,ReplicationSyncRequestInfo,Status,tinyint,YES,,3,0,NULL
dbo,ReplicationSyncRequestInfo,IntegratedSecurity,bit,YES,,,,NULL
dbo,ReplicationSyncRequestInfo,Bandwidth,int,YES,,10,0,NULL
dbo,ReplicationSyncRequestInfo,BufferCount,int,YES,,10,0,NULL
dbo,ReplicationSyncRequestInfo,Description,nvarchar,YES,512,,,NULL
dbo,ReplicationSyncRequestInfo,MinSFDuration,int,YES,,10,0,NULL
dbo,ReplicationSyncRequestInfo,Password,nvarchar,YES,512,,,NULL
dbo,ReplicationSyncRequestInfo,SFFreeSpace,int,YES,,10,0,NULL
dbo,ReplicationSyncRequestInfo,SFPath,nvarchar,YES,260,,,NULL
dbo,ReplicationSyncRequestInfo,ServerDefaultSimpleReplicationNamingScheme,nvarchar,YES,512,,,NULL
dbo,ReplicationSyncRequestInfo,ServerDefaultSummaryReplicationNamingScheme,nvarchar,YES,512,,,NULL
dbo,ReplicationSyncRequestInfo,TCPPort,int,YES,,10,0,NULL
dbo,ReplicationSyncRequestInfo,UserName,nvarchar,YES,255,,,NULL
dbo,ReplicationSyncRequestInfo,GroupAbbreviation,nvarchar,YES,32,,,NULL
dbo,ReplicationSyncRequestInfo,ReplicationGroupName,nvarchar,YES,255,,,NULL
dbo,ReplicationSyncRequestInfo,ReplicationScheduleKey,int,YES,,10,0,NULL
dbo,ReplicationSyncRequestInfo,ReplicationTypeKey,tinyint,YES,,3,0,NULL
dbo,ReplicationSyncRequestInfo,GroupDefaultSummaryReplicationNamingScheme,nvarchar,YES,512,,,NULL
dbo,ReplicationSyncRequestInfo,CompressionEnabled,bit,YES,,,,NULL
dbo,ReplicationSyncRequestInfo,ConnectionDetails,nvarchar,YES,4000,,,NULL
dbo,ReplicationSyncRequestPending,ReplicationSyncRequestKey,bigint,NO,,19,0,NULL
dbo,ReplicationSyncRequestPending,ReplicationTagEntityKey,int,NO,,10,0,NULL
dbo,ReplicationSyncRequestPending,RequestVersion,smallint,NO,,5,0,NULL
dbo,ReplicationSyncRequestPending,ModStartDateTimeUtc,datetime2,NO,,,,NULL
dbo,ReplicationSyncRequestPending,ModEndDateTimeUtc,datetime2,NO,,,,NULL
dbo,ReplicationSyncRequestPending,EarliestExecutionDateTimeUtc,datetime2,NO,,,,NULL
dbo,ReplicationSyncRequestPending,ExecuteState,tinyint,NO,,3,0,NULL
dbo,ReplicationTag,TagName,nvarchar,NO,256,,,NULL
dbo,ReplicationTag,SourceTag,nvarchar,YES,256,,,NULL
dbo,ReplicationTag,SourceServer,nvarchar,YES,255,,,NULL
dbo,ReplicationTagEntity,ReplicationTagEntityKey,int,NO,,10,0,NULL
dbo,ReplicationTagEntity,ReplicationServerKey,int,NO,,10,0,NULL
dbo,ReplicationTagEntity,DestinationTagName,nvarchar,NO,256,,,NULL
dbo,ReplicationTagEntity,DestinationTagId,uniqueidentifier,NO,,,,(newsequentialid())
dbo,ReplicationTagEntity,SourceTagName,nvarchar,NO,256,,,NULL
dbo,ReplicationTagEntity,ReplicationGroupKey,int,NO,,10,0,NULL
dbo,ReplicationTagEntity,MaximumStates,tinyint,NO,,3,0,NULL
dbo,ReplicationTagEntity,CurrentEditor,tinyint,NO,,3,0,((0))
dbo,ReplicationTagEntity,ReplicationTagEntityId,uniqueidentifier,NO,,,,(newsequentialid())
dbo,ReplicationTagEntity,ChangeVersion,timestamp,NO,,,,NULL
dbo,ReplicationTagEntity,Status,tinyint,YES,,3,0,((1))
dbo,ReplicationTagExtendedPropertyInfo,ReplicationTagExtendedPropertyKey,int,NO,,10,0,NULL
dbo,ReplicationTagExtendedPropertyInfo,ReplicationServerKey,int,NO,,10,0,NULL
dbo,ReplicationTagExtendedPropertyInfo,DestinationTagName,nvarchar,NO,256,,,NULL
dbo,ReplicationTagExtendedPropertyInfo,ReplicationTagEntityKey,int,NO,,10,0,NULL
dbo,ReplicationTagExtendedPropertyInfo,SourceTagName,nvarchar,NO,256,,,NULL
dbo,ReplicationTagExtendedPropertyInfo,PropertyNameKey,int,YES,,10,0,NULL
dbo,ReplicationTagExtendedPropertyInfo,PropertyName,nvarchar,NO,256,,,NULL
dbo,ReplicationTagExtendedPropertyInfo,PropertyType,int,NO,,10,0,NULL
dbo,ReplicationTagExtendedPropertyInfo,PropertyValue,sql_variant,NO,0,,,NULL
dbo,ReplicationTagExtendedPropertyInfo,Facetable,bit,NO,,,,NULL
dbo,ReplicationTagExtendedPropertyInfo,Searchable,bit,NO,,,,NULL
dbo,ReplicationTagExtendedPropertyInfo,SubstringSearchable,bit,NO,,,,NULL
dbo,ReplicationTagExtendedPropertyInfo,AttributeTypeName,nvarchar,NO,255,,,NULL
dbo,ReplicationTagExtendedPropertyInfo,AttributeTypeValue,tinyint,NO,,3,0,NULL
dbo,ReplicationTagExtendedPropertyInfo,ChangeVersion,timestamp,NO,,,,NULL
dbo,ReplicationTagExtendedPropertyInfo,Status,tinyint,YES,,3,0,NULL
dbo,ReplicationType,ReplicationTypeKey,tinyint,NO,,3,0,NULL
dbo,ReplicationType,ReplicationTypeName,nvarchar,NO,255,,,NULL
dbo,RuntimeParameter,Name,nvarchar,NO,255,,,NULL
dbo,RuntimeParameter,Value,nvarchar,YES,4000,,,NULL
dbo,SearchMessageSyncRequest,Id,int,NO,,10,0,NULL
dbo,SearchMessageSyncRequest,JobId,nvarchar,NO,255,,,NULL
dbo,SearchMessageSyncRequest,IndexingMessage,nvarchar,NO,-1,,,NULL
dbo,SearchMessageSyncRequest,DocumentType,nvarchar,NO,50,,,NULL
dbo,SearchMessageSyncRequest,DeQueueCount,smallint,YES,,5,0,NULL
dbo,SearchMessageSyncRequest,JobSubmissionTimeUtc,datetime2,NO,,,,NULL
dbo,SearchMessageSyncRequest,LastModifiedTimeUtc,datetime2,YES,,,,NULL
dbo,SearchMessageSyncRequest,Status,smallint,YES,,5,0,NULL
dbo,ServerList,ServerKey,int,NO,,10,0,NULL
dbo,ServerList,ComputerName,nvarchar,NO,50,,,('UnNamed')
dbo,ServerList,Description,nvarchar,YES,50,,,NULL
dbo,ShardAssignmentRule,Name,nvarchar,NO,255,,,NULL
dbo,ShardAssignmentRule,Priority,int,NO,,10,0,((0))
dbo,ShardAssignmentRule,TagFilter,nvarchar,NO,4000,,,NULL
dbo,ShardAssignmentRule,ShardId,uniqueidentifier,NO,,,,NULL
dbo,ShardAssignmentRule,Enabled,bit,NO,,,,((1))
dbo,ShardAssignmentRule,Id,int,NO,,10,0,NULL
dbo,ShardAssignmentRule,ChangeVersion,timestamp,NO,,,,NULL
dbo,ShareMode,ShareModeKey,tinyint,NO,,3,0,NULL
dbo,ShareMode,ShareModeName,nvarchar,YES,32,,,NULL
dbo,SnapshotDetail,StorageSize,int,NO,,10,0,NULL
dbo,SnapshotDetail,SnapshotSize,int,NO,,10,0,((2097152))
dbo,SnapshotDetail,ImageTime,int,NO,,10,0,((30))
dbo,SnapshotDetail,ThresholdTime,int,NO,,10,0,((3600))
dbo,SnapshotDetail,Status,tinyint,YES,,3,0,((0))
dbo,SnapshotTag,SnapshotTagKey,int,NO,,10,0,NULL
dbo,SnapshotTag,TagName,nvarchar,NO,256,,,NULL
dbo,SnapshotTag,EventTagName,nvarchar,NO,256,,,NULL
dbo,SnapshotTag,TagType,int,NO,,10,0,((1))
dbo,SQLTemplate,TemplateKey,int,NO,,10,0,NULL
dbo,SQLTemplate,Description,nvarchar,YES,50,,,NULL
dbo,SQLTemplate,Type,int,YES,,10,0,NULL
dbo,SQLTemplate,Script,ntext,YES,1073741823,,,NULL
dbo,StateSummaryHistory,TagName,nvarchar,NO,256,,,NULL
dbo,StateSummaryHistory,StartDateTime,datetime2,NO,,,,NULL
dbo,StateSummaryHistory,EndDateTime,datetime2,NO,,,,NULL
dbo,StateSummaryHistory,Value,float,YES,,53,,NULL
dbo,StateSummaryHistory,vValue,nvarchar,YES,4000,,,NULL
dbo,StateSummaryHistory,OPCQuality,int,YES,,10,0,NULL
dbo,StateSummaryHistory,StateCount,int,YES,,10,0,NULL
dbo,StateSummaryHistory,ContainedStateCount,int,YES,,10,0,NULL
dbo,StateSummaryHistory,StateTimeMin,float,YES,,53,,NULL
dbo,StateSummaryHistory,StateTimeMinContained,float,YES,,53,,NULL
dbo,StateSummaryHistory,StateTimeMax,float,YES,,53,,NULL
dbo,StateSummaryHistory,StateTimeMaxContained,float,YES,,53,,NULL
dbo,StateSummaryHistory,StateTimeAvg,float,YES,,53,,NULL
dbo,StateSummaryHistory,StateTimeAvgContained,float,YES,,53,,NULL
dbo,StateSummaryHistory,StateTimeTotal,float,YES,,53,,NULL
dbo,StateSummaryHistory,StateTimeTotalContained,float,YES,,53,,NULL
dbo,StateSummaryHistory,StateTimePercent,float,YES,,53,,NULL
dbo,StateSummaryHistory,StateTimePercentContained,float,YES,,53,,NULL
dbo,StateSummaryHistory,SourceTag,nvarchar,YES,256,,,NULL
dbo,StateSummaryHistory,SourceServer,nvarchar,YES,256,,,NULL
dbo,StateSummaryHistory,wwCycleCount,int,YES,,10,0,NULL
dbo,StateSummaryHistory,wwResolution,int,YES,,10,0,NULL
dbo,StateSummaryHistory,wwTimeZone,nvarchar,NO,50,,,NULL
dbo,StateSummaryHistory,wwVersion,nvarchar,NO,30,,,NULL
dbo,StateSummaryHistory,wwTagKey,int,NO,,10,0,NULL
dbo,StateSummaryHistory,wwRetrievalMode,nvarchar,NO,16,,,NULL
dbo,StateSummaryHistory,wwMaxStates,int,YES,,10,0,NULL
dbo,StateSummaryHistory,LastDateTime,datetime2,NO,,,,NULL
dbo,StorageLocation,ShardId,uniqueidentifier,NO,,,,NULL
dbo,StorageLocation,StorageType,int,NO,,10,0,((0))
dbo,StorageLocation,Path,nvarchar,NO,255,,,NULL
dbo,StorageLocation,MaxMBSize,int,NO,,10,0,((0))
dbo,StorageLocation,MinMBThreshold,int,NO,,10,0,NULL
dbo,StorageLocation,MaxAgeThreshold,int,NO,,10,0,((0))
dbo,StorageLocation,Id,int,NO,,10,0,NULL
dbo,StorageLocation,Status,tinyint,YES,,3,0,((0))
dbo,StorageNode,StorageNodeKey,int,NO,,10,0,NULL
dbo,StorageNode,ComputerName,nvarchar,YES,128,,,NULL
dbo,StorageNode,Description,nvarchar,NO,1,,,NULL
dbo,StorageNode,DbStatus,int,NO,,10,0,NULL
dbo,StorageNode,DbModAcquisition,int,NO,,10,0,NULL
dbo,StorageNode,DbError,int,YES,,10,0,NULL
dbo,StorageNode,DbModStorage,int,NO,,10,0,NULL
dbo,StorageNode,DbModServer,int,NO,,10,0,NULL
dbo,StorageNode,DbModAll,int,NO,,10,0,NULL
dbo,StorageNode,DbRevision,int,NO,,10,0,NULL
dbo,StorageShard,ShardId,uniqueidentifier,NO,,,,NULL
dbo,StorageShard,ShardName,nvarchar,NO,255,,,NULL
dbo,StorageShard,Description,nvarchar,YES,512,,,(N'')
dbo,StorageShard,ComputerName,nvarchar,YES,255,,,NULL
dbo,StorageShard,BlockDuration,int,NO,,10,0,NULL
dbo,StorageShard,TimeUnitId,tinyint,NO,,3,0,NULL
dbo,StorageShard,TimeZoneId,smallint,YES,,5,0,NULL
dbo,StorageShard,AdjustToDST,tinyint,NO,,3,0,NULL
dbo,StorageShard,MaxSnapshotSize,int,NO,,10,0,NULL
dbo,StorageShard,CmdArgs,nvarchar,YES,4000,,,(N'')
dbo,StorageShard,CmdExtArgs,nvarchar,YES,4000,,,(N'')
dbo,StorageShard,Id,int,NO,,10,0,NULL
dbo,StorageShard,Status,tinyint,YES,,3,0,((1))
dbo,StorageType,StorageTypeId,int,NO,,10,0,((0))
dbo,StorageType,StorageTypeName,nvarchar,NO,255,,,NULL
dbo,StorageType,Description,nvarchar,YES,255,,,NULL
dbo,StringHistory,DateTime,datetime2,NO,,,,NULL
dbo,StringHistory,TagName,nvarchar,NO,256,,,NULL
dbo,StringHistory,Value,nvarchar,YES,512,,,NULL
dbo,StringHistory,Quality,tinyint,NO,,3,0,NULL
dbo,StringHistory,QualityDetail,int,YES,,10,0,NULL
dbo,StringHistory,OPCQuality,int,YES,,10,0,NULL
dbo,StringHistory,wwTagKey,int,NO,,10,0,NULL
dbo,StringHistory,wwRowCount,int,YES,,10,0,NULL
dbo,StringHistory,wwResolution,int,YES,,10,0,NULL
dbo,StringHistory,wwEdgeDetection,nvarchar,YES,16,,,NULL
dbo,StringHistory,wwRetrievalMode,nvarchar,YES,16,,,NULL
dbo,StringHistory,wwTimeDeadband,int,YES,,10,0,NULL
dbo,StringHistory,wwTimeZone,nvarchar,YES,50,,,NULL
dbo,StringHistory,wwVersion,nvarchar,YES,30,,,NULL
dbo,StringHistory,wwCycleCount,int,YES,,10,0,NULL
dbo,StringHistory,wwTimeStampRule,nvarchar,YES,20,,,NULL
dbo,StringHistory,wwQualityRule,nvarchar,YES,20,,,NULL
dbo,StringHistory,wwParameters,nvarchar,YES,128,,,NULL
dbo,StringLive,DateTime,datetime2,NO,,,,NULL
dbo,StringLive,TagName,nvarchar,NO,256,,,NULL
dbo,StringLive,Value,nvarchar,YES,512,,,NULL
dbo,StringLive,Quality,tinyint,NO,,3,0,NULL
dbo,StringLive,QualityDetail,int,YES,,10,0,NULL
dbo,StringLive,OPCQuality,int,YES,,10,0,NULL
dbo,StringLive,wwTagKey,int,NO,,10,0,NULL
dbo,StringLive,wwRetrievalMode,nvarchar,YES,16,,,NULL
dbo,StringLive,wwTimeDeadband,int,YES,,10,0,NULL
dbo,StringLive,wwTimeZone,nvarchar,YES,50,,,NULL
dbo,StringLive,wwParameters,nvarchar,YES,128,,,NULL
dbo,StringSnapshot,SnapshotTagKey,int,NO,,10,0,NULL
dbo,StringSnapshot,EventLogKey,int,NO,,10,0,NULL
dbo,StringSnapshot,Value,nvarchar,YES,512,,,NULL
dbo,StringSnapshot,Quality,tinyint,NO,,3,0,NULL
dbo,StringSnapshot,QualityDetail,int,YES,,10,0,NULL
dbo,StringTag,TagName,nvarchar,NO,256,,,NULL
dbo,StringTag,MaxLength,smallint,YES,,5,0,NULL
dbo,StringTag,DoubleByte,tinyint,YES,,3,0,NULL
dbo,StructureAttributes,StructureId,uniqueidentifier,NO,,,,NULL
dbo,StructureAttributes,AttributeName,nvarchar,NO,255,,,NULL
dbo,StructureAttributes,AttributeTypeKey,int,NO,,10,0,NULL
dbo,StructureAttributes,AttributeOrder,tinyint,NO,,3,0,NULL
dbo,StructureTag,TagName,nvarchar,NO,256,,,NULL
dbo,StructureTag,StructureId,uniqueidentifier,YES,,,,NULL
dbo,StructureType,StructureId,uniqueidentifier,NO,,,,(newsequentialid())
dbo,StructureType,StructureTypeName,nvarchar,NO,255,,,NULL
dbo,StructureType,Description,nvarchar,NO,512,,,NULL
dbo,SummaryData,LogKey,int,NO,,10,0,NULL
dbo,SummaryData,SumVarKey,int,NO,,10,0,NULL
dbo,SummaryData,Value,float,YES,,53,,NULL
dbo,SummaryData,Quality,tinyint,NO,,3,0,NULL
dbo,SummaryData,Modified,int,NO,,10,0,((0))
dbo,SummaryHistory,LogKey,int,NO,,10,0,NULL
dbo,SummaryHistory,OperationKey,int,NO,,10,0,NULL
dbo,SummaryHistory,SummaryDate,datetime2,NO,,,,NULL
dbo,SummaryHistory,SumDateTimeStamp,tinyint,YES,,3,0,NULL
dbo,SummaryHistory,SumDateCalcType,varchar,YES,3,,,NULL
dbo,SummaryHistory,SumDateDuration,real,YES,,24,,NULL
dbo,SummaryHistory,SumDateResolution,int,YES,,10,0,NULL
dbo,SummaryHistory,Status,tinyint,NO,,3,0,NULL
dbo,SummaryHistory,OperationStart,datetime2,YES,,,,NULL
dbo,SummaryHistory,OperationEnd,datetime2,YES,,,,NULL
dbo,SummaryOperation,OperationKey,int,NO,,10,0,NULL
dbo,SummaryOperation,TagName,nvarchar,NO,256,,,NULL
dbo,SummaryOperation,CalcType,char,NO,3,,,NULL
dbo,SummaryOperation,Description,nvarchar,YES,50,,,NULL
dbo,SummaryOperation,Duration,real,NO,,24,,((3600))
dbo,SummaryOperation,Resolution,int,NO,,10,0,((1000))
dbo,SummaryOperation,TimeStamp,tinyint,NO,,3,0,((1))
dbo,SummaryOperation,Frequency,nvarchar,YES,12,,,(NULL)
dbo,SummaryOperation,SourceType,varchar,YES,3,,,(N'DYN')
dbo,SummaryTagList,SumVarKey,int,NO,,10,0,NULL
dbo,SummaryTagList,TagName,nvarchar,NO,256,,,NULL
dbo,SummaryTagList,OperationKey,int,NO,,10,0,NULL
dbo,SummaryTagList,LowerLimit,float,YES,,53,,((-9999999))
dbo,SummaryTagList,UpperLimit,float,YES,,53,,((9999999))
dbo,SummaryTagList,Description,nvarchar,YES,50,,,NULL
dbo,SystemNameSpace,NameKey,int,YES,,10,0,NULL
dbo,SystemNameSpace,Type,int,NO,,10,0,NULL
dbo,SystemNameSpace,ParentKey,int,YES,,10,0,NULL
dbo,SystemNameSpace,Name,nvarchar,YES,290,,,NULL
dbo,SystemNameSpace,PKey,int,YES,,10,0,NULL
dbo,SystemParameter,Name,nvarchar,NO,50,,,NULL
dbo,SystemParameter,Value,sql_variant,YES,0,,,NULL
dbo,SystemParameter,Editable,bit,NO,,,,((0))
dbo,SystemParameter,Description,nvarchar,YES,255,,,NULL
dbo,SystemParameter,Status,tinyint,YES,,3,0,((0))
dbo,Tag,TagName,nvarchar,NO,256,,,NULL
dbo,Tag,IOServerKey,int,YES,,10,0,NULL
dbo,Tag,StorageNodeKey,int,NO,,10,0,NULL
dbo,Tag,wwTagKey,int,NO,,10,0,NULL
dbo,Tag,TopicKey,int,YES,,10,0,NULL
dbo,Tag,Description,nvarchar,YES,512,,,NULL
dbo,Tag,AcquisitionType,tinyint,NO,,3,0,NULL
dbo,Tag,StorageType,smallint,NO,,5,0,NULL
dbo,Tag,AcquisitionRate,int,NO,,10,0,NULL
dbo,Tag,StorageRate,int,NO,,10,0,NULL
dbo,Tag,ItemName,nvarchar,YES,256,,,NULL
dbo,Tag,TagType,int,NO,,10,0,NULL
dbo,Tag,TimeDeadband,int,YES,,10,0,NULL
dbo,Tag,DateCreated,datetime2,NO,,,,NULL
dbo,Tag,CreatedBy,nvarchar,NO,256,,,NULL
dbo,Tag,CurrentEditor,tinyint,NO,,3,0,NULL
dbo,Tag,Status,tinyint,YES,,3,0,NULL
dbo,Tag,ServerTimeStamp,bit,NO,,,,NULL
dbo,Tag,DeadbandType,smallint,NO,,5,0,NULL
dbo,Tag,CEVersion,tinyint,NO,,3,0,NULL
dbo,Tag,TagId,uniqueidentifier,NO,,,,NULL
dbo,Tag,ChannelStatus,tinyint,NO,,3,0,NULL
dbo,Tag,AIHistory,bit,NO,,,,NULL
dbo,Tag,ChangeVersion,timestamp,NO,,,,NULL
dbo,TagExtendedPropertyInfo,TagExtendedPropertyKey,int,NO,,10,0,NULL
dbo,TagExtendedPropertyInfo,TagName,nvarchar,NO,256,,,NULL
dbo,TagExtendedPropertyInfo,PropertyNameKey,int,YES,,10,0,NULL
dbo,TagExtendedPropertyInfo,PropertyName,nvarchar,NO,256,,,NULL
dbo,TagExtendedPropertyInfo,PropertyType,int,NO,,10,0,NULL
dbo,TagExtendedPropertyInfo,PropertyValue,sql_variant,NO,0,,,NULL
dbo,TagExtendedPropertyInfo,Facetable,bit,NO,,,,NULL
dbo,TagExtendedPropertyInfo,Searchable,bit,NO,,,,NULL
dbo,TagExtendedPropertyInfo,SubstringSearchable,bit,NO,,,,NULL
dbo,TagExtendedPropertyInfo,AttributeTypeName,nvarchar,NO,255,,,NULL
dbo,TagExtendedPropertyInfo,AttributeTypeValue,tinyint,NO,,3,0,NULL
dbo,TagExtendedPropertyInfo,ChangeVersion,timestamp,NO,,,,NULL
dbo,TagExtendedPropertyInfo,IsEditable,bit,NO,,,,NULL
dbo,TagExtendedPropertyName,PropertyNameKey,int,NO,,10,0,NULL
dbo,TagExtendedPropertyName,PropertyName,nvarchar,NO,256,,,NULL
dbo,TagExtendedPropertyName,PropertyType,int,NO,,10,0,NULL
dbo,TagExtendedPropertyName,Facetable,bit,NO,,,,((0))
dbo,TagExtendedPropertyName,Searchable,bit,NO,,,,((0))
dbo,TagExtendedPropertyName,SubstringSearchable,bit,NO,,,,((0))
dbo,TagExtendedPropertyName,IsEditable,bit,NO,,,,((0))
dbo,TagExtendedPropertyNameInfo,PropertyName,nvarchar,NO,256,,,NULL
dbo,TagExtendedPropertyNameInfo,PropertyType,int,NO,,10,0,NULL
dbo,TagExtendedPropertyNameInfo,Facetable,bit,NO,,,,NULL
dbo,TagExtendedPropertyNameInfo,Searchable,bit,NO,,,,NULL
dbo,TagExtendedPropertyNameInfo,SubstringSearchable,bit,NO,,,,NULL
dbo,TagExtendedPropertyNameInfo,AttributeTypeName,nvarchar,NO,255,,,NULL
dbo,TagExtendedPropertyNameInfo,AttributeTypeValue,tinyint,NO,,3,0,NULL
dbo,TagExtendedPropertyNameInfo,IsEditable,bit,NO,,,,NULL
dbo,TagGroup,GroupID,int,NO,,10,0,NULL
dbo,TagGroup,Description,nvarchar,YES,50,,,NULL
dbo,TagGroup,CreatedDate,datetime2,YES,,,,NULL
dbo,TagGroup,CreatedBy,nchar,YES,18,,,NULL
dbo,TagGroup,Type,int,YES,,10,0,NULL
dbo,TagHistory,TagId,uniqueidentifier,NO,,,,NULL
dbo,TagHistory,TagName,nvarchar,NO,256,,,NULL
dbo,TagHistory,Description,nvarchar,YES,512,,,(N'')
dbo,TagHistory,AcquisitionType,tinyint,NO,,3,0,((1))
dbo,TagHistory,StorageType,smallint,NO,,5,0,((2))
dbo,TagHistory,StorageRate,int,NO,,10,0,((10000))
dbo,TagHistory,TagType,int,NO,,10,0,NULL
dbo,TagHistory,TimeDeadband,int,YES,,10,0,((0))
dbo,TagHistory,DateCreated,datetime2,NO,,,,(getdate())
dbo,TagHistory,CreatedBy,nvarchar,NO,256,,,(suser_sname())
dbo,TagHistory,CurrentEditor,tinyint,NO,,3,0,((0))
dbo,TagHistory,ServerTimeStamp,bit,NO,,,,((0))
dbo,TagHistory,DeadbandType,smallint,NO,,5,0,((1))
dbo,TagHistory,ChannelStatus,tinyint,NO,,3,0,((1))
dbo,TagHistory,AIHistory,bit,NO,,,,((1))
dbo,TagHistory,Message0,nvarchar,YES,64,,,NULL
dbo,TagHistory,Message1,nvarchar,YES,64,,,NULL
dbo,TagHistory,Unit,nvarchar,YES,32,,,NULL
dbo,TagHistory,DefaultTagRate,int,YES,,10,0,NULL
dbo,TagHistory,IntegralDivisor,float,YES,,53,,NULL
dbo,TagHistory,MinEU,float,YES,,53,,NULL
dbo,TagHistory,MaxEU,float,YES,,53,,NULL
dbo,TagHistory,MinRaw,float,YES,,53,,NULL
dbo,TagHistory,MaxRaw,float,YES,,53,,NULL
dbo,TagHistory,Scaling,int,YES,,10,0,NULL
dbo,TagHistory,RawType,int,YES,,10,0,NULL
dbo,TagHistory,ValueDeadband,float,YES,,53,,NULL
dbo,TagHistory,IntegerSize,tinyint,YES,,3,0,NULL
dbo,TagHistory,SignedInteger,bit,YES,,,,NULL
dbo,TagHistory,RateDeadband,float,YES,,53,,NULL
dbo,TagHistory,InterpolationType,tinyint,YES,,3,0,NULL
dbo,TagHistory,RolloverValue,float,YES,,53,,NULL
dbo,TagHistory,MaxLength,smallint,YES,,5,0,NULL
dbo,TagHistory,DoubleByte,tinyint,YES,,3,0,NULL
dbo,TagHistory,StructureId,uniqueidentifier,YES,,,,NULL
dbo,TagHistory,SourceTag,nvarchar,YES,256,,,NULL
dbo,TagHistory,SourceServer,nvarchar,YES,255,,,NULL
dbo,TagHistory,SourceTagId,uniqueidentifier,YES,,,,NULL
dbo,TagHistory,ShardId,uniqueidentifier,NO,,,,('00000000-0000-0000-0000-000000000000')
dbo,TagRef,wwDomainTagKey,int,NO,,10,0,NULL
dbo,TagRef,wwTagKey,int,NO,,10,0,NULL
dbo,TagRef,ServerKey,int,NO,,10,0,NULL
dbo,TagRef,TagName,nvarchar,YES,256,,,NULL
dbo,TagRef,TagType,int,NO,,10,0,NULL
dbo,TagType,TagTypeKey,int,NO,,10,0,NULL
dbo,TagType,TagTypeName,nvarchar,YES,32,,,NULL
dbo,TimeDetectorDetail,TimeDetectorDetailKey,int,NO,,10,0,NULL
dbo,TimeDetectorDetail,FrequencyID,int,NO,,10,0,NULL
dbo,TimeDetectorDetail,TagName,nvarchar,NO,256,,,NULL
dbo,TimeDetectorDetail,Periodicity,int,YES,,10,0,((60))
dbo,TimeDetectorDetail,StartDateTime,datetime2,YES,,,,(getdate())
dbo,TimeDetectorDetail,RunTimeDay,tinyint,YES,,3,0,((1))
dbo,TimeDetectorDetail,RunTimeHour,tinyint,YES,,3,0,((0))
dbo,TimeDetectorDetail,RunTimeMin,tinyint,YES,,3,0,((0))
dbo,TimeDetectorDetailPendingDelete,TagName,nvarchar,NO,256,,,NULL
dbo,TimeDetectorDetailPendingDelete,FrequencyID,int,YES,,10,0,NULL
dbo,TimeDetectorDetailPendingDelete,Periodicity,int,YES,,10,0,NULL
dbo,TimeDetectorDetailPendingDelete,StartDateTime,datetime2,YES,,,,NULL
dbo,TimeDetectorDetailPendingDelete,RunTimeDay,tinyint,YES,,3,0,NULL
dbo,TimeDetectorDetailPendingDelete,RunTimeHour,tinyint,YES,,3,0,NULL
dbo,TimeDetectorDetailPendingDelete,RunTimeMin,tinyint,YES,,3,0,NULL
dbo,TimeUnit,Id,tinyint,NO,,3,0,NULL
dbo,TimeUnit,Name,nvarchar,NO,32,,,NULL
dbo,TimeZone,TimeZoneID,smallint,NO,,5,0,NULL
dbo,TimeZone,TimeZone,nvarchar,YES,100,,,(N'')
dbo,TimeZone,Description,nvarchar,YES,100,,,(N'')
dbo,TimeZone,Offset,smallint,NO,,5,0,((0))
dbo,TimeZone,RegistryName,nvarchar,YES,100,,,NULL
dbo,Topic,TopicKey,int,NO,,10,0,NULL
dbo,Topic,IOServerKey,int,NO,,10,0,NULL
dbo,Topic,StorageNodeKey,int,NO,,10,0,NULL
dbo,Topic,Name,nvarchar,NO,180,,,NULL
dbo,Topic,TimeOut,int,NO,,10,0,NULL
dbo,Topic,Status,tinyint,YES,,3,0,NULL
dbo,Topic,LateData,bit,NO,,,,NULL
dbo,Topic,IdleDuration,int,NO,,10,0,NULL
dbo,Topic,ProcessingInterval,int,NO,,10,0,NULL
dbo,TopicImportInfo,NodeKey,int,NO,,10,0,NULL
dbo,TopicImportInfo,DdeSourceKey,int,NO,,10,0,NULL
dbo,TopicImportInfo,SourceName,nchar,NO,50,,,(N'')
dbo,TopicImportInfo,ApplicationName,nchar,YES,50,,,NULL
dbo,TopicImportInfo,TopicName,nchar,NO,50,,,(N'')
dbo,TopicImportInfo,RequestInitialData,bit,NO,,,,((0))
dbo,TopicImportInfo,AlwaysAdvise,bit,NO,,,,((0))
dbo,TopicImportInfo,DefaultStorageRate,int,NO,,10,0,((0))
dbo,TopicImportInfo,DefaultStorageType,int,NO,,10,0,((1))
dbo,TopicImportInfo,TimeDeadband,int,NO,,10,0,((0))
dbo,TopicImportInfo,ValueDeadband,float,NO,,53,,((0))
dbo,TopicImportInfo,DeadbandType,tinyint,YES,,3,0,NULL
dbo,TopicImportInfo,Import,bit,NO,,,,((1))
dbo,TopicImportInfo,ProtocolType,tinyint,NO,,3,0,((2))
dbo,TopicImportInfo,IODriverKey,int,YES,,10,0,NULL
dbo,TopicImportInfo,RateDeadband,float,NO,,53,,((0))
dbo,UserDetail,UserKey,int,NO,,10,0,NULL
dbo,UserDetail,UserName,nvarchar,NO,128,,,NULL
dbo,UserDetail,AccessLevel,int,NO,,10,0,((1))
dbo,UserDetail,uid,int,NO,,10,0,NULL
dbo,UserDetail,gid,int,NO,,10,0,NULL
dbo,v_AlarmEventHistory2,EventStamp,datetime2,YES,,,,NULL
dbo,v_AlarmEventHistory2,AlarmState,nvarchar,YES,9,,,NULL
dbo,v_AlarmEventHistory2,TagName,nvarchar,YES,132,,,NULL
dbo,v_AlarmEventHistory2,Description,nvarchar,YES,255,,,NULL
dbo,v_AlarmEventHistory2,Area,nvarchar,YES,32,,,NULL
dbo,v_AlarmEventHistory2,Type,nvarchar,YES,6,,,NULL
dbo,v_AlarmEventHistory2,Value,nvarchar,YES,131,,,NULL
dbo,v_AlarmEventHistory2,CheckValue,nvarchar,YES,131,,,NULL
dbo,v_AlarmEventHistory2,Priority,int,NO,,10,0,NULL
dbo,v_AlarmEventHistory2,Category,nvarchar,YES,8,,,NULL
dbo,v_AlarmEventHistory2,Provider,nvarchar,YES,65,,,NULL
dbo,v_AlarmEventHistory2,Operator,nvarchar,YES,131,,,NULL
dbo,v_AlarmEventHistory2,DomainName,nvarchar,YES,155,,,NULL
dbo,v_AlarmEventHistory2,UserFullName,nvarchar,YES,255,,,NULL
dbo,v_AlarmEventHistory2,AlarmDuration,ntext,YES,1073741823,,,NULL
dbo,v_AlarmEventHistory2,User1,float,YES,,53,,NULL
dbo,v_AlarmEventHistory2,User2,float,YES,,53,,NULL
dbo,v_AlarmEventHistory2,User3,nvarchar,YES,131,,,NULL
dbo,v_AlarmEventHistory2,EventStampUTC,datetime2,NO,,,,NULL
dbo,v_AlarmEventHistory2,MilliSec,int,NO,,10,0,NULL
dbo,v_AlarmEventHistory2,OperatorNode,nvarchar,YES,131,,,NULL
dbo,v_AlarmEventHistoryInternal2,EventStamp,datetime2,YES,,,,NULL
dbo,v_AlarmEventHistoryInternal2,AlarmState,nvarchar,YES,9,,,NULL
dbo,v_AlarmEventHistoryInternal2,TagName,nvarchar,YES,132,,,NULL
dbo,v_AlarmEventHistoryInternal2,Description,nvarchar,YES,255,,,NULL
dbo,v_AlarmEventHistoryInternal2,Area,nvarchar,YES,32,,,NULL
dbo,v_AlarmEventHistoryInternal2,Type,nvarchar,YES,6,,,NULL
dbo,v_AlarmEventHistoryInternal2,Value,nvarchar,YES,131,,,NULL
dbo,v_AlarmEventHistoryInternal2,CheckValue,nvarchar,YES,131,,,NULL
dbo,v_AlarmEventHistoryInternal2,Priority,int,NO,,10,0,NULL
dbo,v_AlarmEventHistoryInternal2,Category,nvarchar,YES,8,,,NULL
dbo,v_AlarmEventHistoryInternal2,Provider,nvarchar,YES,65,,,NULL
dbo,v_AlarmEventHistoryInternal2,Operator,nvarchar,YES,131,,,NULL
dbo,v_AlarmEventHistoryInternal2,DomainName,nvarchar,YES,155,,,NULL
dbo,v_AlarmEventHistoryInternal2,UserFullName,nvarchar,YES,255,,,NULL
dbo,v_AlarmEventHistoryInternal2,AlarmDuration,ntext,YES,1073741823,,,NULL
dbo,v_AlarmEventHistoryInternal2,User1,float,YES,,53,,NULL
dbo,v_AlarmEventHistoryInternal2,User2,float,YES,,53,,NULL
dbo,v_AlarmEventHistoryInternal2,User3,nvarchar,YES,131,,,NULL
dbo,v_AlarmEventHistoryInternal2,EventStampUTC,datetime2,NO,,,,NULL
dbo,v_AlarmEventHistoryInternal2,MilliSec,int,NO,,10,0,NULL
dbo,v_AlarmEventHistoryInternal2,OperatorNode,nvarchar,YES,131,,,NULL
dbo,v_AlarmHistory,EventStamp,datetime2,YES,,,,NULL
dbo,v_AlarmHistory,AlarmState,nvarchar,YES,9,,,NULL
dbo,v_AlarmHistory,TagName,nvarchar,YES,132,,,NULL
dbo,v_AlarmHistory,Description,nvarchar,YES,255,,,NULL
dbo,v_AlarmHistory,Area,nvarchar,YES,32,,,NULL
dbo,v_AlarmHistory,Type,nvarchar,YES,6,,,NULL
dbo,v_AlarmHistory,Value,nvarchar,YES,131,,,NULL
dbo,v_AlarmHistory,CheckValue,nvarchar,YES,131,,,NULL
dbo,v_AlarmHistory,Priority,int,NO,,10,0,NULL
dbo,v_AlarmHistory,Category,nvarchar,YES,8,,,NULL
dbo,v_AlarmHistory,Provider,nvarchar,YES,65,,,NULL
dbo,v_AlarmHistory,Operator,nvarchar,YES,131,,,NULL
dbo,v_AlarmHistory,DomainName,nvarchar,YES,155,,,NULL
dbo,v_AlarmHistory,UserFullName,nvarchar,YES,255,,,NULL
dbo,v_AlarmHistory,UnAckDuration,nvarchar,YES,17,,,NULL
dbo,v_AlarmHistory,User1,float,YES,,53,,NULL
dbo,v_AlarmHistory,User2,float,YES,,53,,NULL
dbo,v_AlarmHistory,User3,nvarchar,YES,131,,,NULL
dbo,v_AlarmHistory,EventStampUTC,datetime2,NO,,,,NULL
dbo,v_AlarmHistory,MilliSec,int,NO,,10,0,NULL
dbo,v_AlarmHistory,OperatorNode,nvarchar,YES,131,,,NULL
dbo,v_AlarmHistory2,EventStamp,datetime2,YES,,,,NULL
dbo,v_AlarmHistory2,AlarmState,nvarchar,YES,9,,,NULL
dbo,v_AlarmHistory2,TagName,nvarchar,YES,132,,,NULL
dbo,v_AlarmHistory2,Description,nvarchar,YES,255,,,NULL
dbo,v_AlarmHistory2,Area,nvarchar,YES,32,,,NULL
dbo,v_AlarmHistory2,Type,nvarchar,YES,6,,,NULL
dbo,v_AlarmHistory2,Value,nvarchar,YES,131,,,NULL
dbo,v_AlarmHistory2,CheckValue,nvarchar,YES,131,,,NULL
dbo,v_AlarmHistory2,Priority,int,NO,,10,0,NULL
dbo,v_AlarmHistory2,Category,nvarchar,YES,8,,,NULL
dbo,v_AlarmHistory2,Provider,nvarchar,YES,65,,,NULL
dbo,v_AlarmHistory2,Operator,nvarchar,YES,131,,,NULL
dbo,v_AlarmHistory2,DomainName,nvarchar,YES,155,,,NULL
dbo,v_AlarmHistory2,UserFullName,nvarchar,YES,255,,,NULL
dbo,v_AlarmHistory2,AlarmDuration,ntext,YES,1073741823,,,NULL
dbo,v_AlarmHistory2,User1,float,YES,,53,,NULL
dbo,v_AlarmHistory2,User2,float,YES,,53,,NULL
dbo,v_AlarmHistory2,User3,nvarchar,YES,131,,,NULL
dbo,v_AlarmHistory2,EventStampUTC,datetime2,NO,,,,NULL
dbo,v_AlarmHistory2,MilliSec,int,NO,,10,0,NULL
dbo,v_AlarmHistory2,OperatorNode,nvarchar,YES,131,,,NULL
dbo,v_AnalogHistory,DateTime,datetime2,NO,,,,NULL
dbo,v_AnalogHistory,TagName,nvarchar,NO,256,,,NULL
dbo,v_AnalogHistory,Value,float,YES,,53,,NULL
dbo,v_AnalogHistory,Quality,tinyint,NO,,3,0,NULL
dbo,v_AnalogHistory,QualityDetail,int,YES,,10,0,NULL
dbo,v_AnalogHistory,OPCQuality,int,YES,,10,0,NULL
dbo,v_AnalogHistory,wwTagKey,int,NO,,10,0,NULL
dbo,v_AnalogHistory,wwRowCount,int,YES,,10,0,NULL
dbo,v_AnalogHistory,wwResolution,int,YES,,10,0,NULL
dbo,v_AnalogHistory,wwEdgeDetection,nvarchar,YES,16,,,NULL
dbo,v_AnalogHistory,wwRetrievalMode,nvarchar,YES,16,,,NULL
dbo,v_AnalogHistory,wwTimeDeadband,int,YES,,10,0,NULL
dbo,v_AnalogHistory,wwValueDeadband,float,YES,,53,,NULL
dbo,v_AnalogHistory,wwTimeZone,nvarchar,YES,50,,,NULL
dbo,v_AnalogHistory,wwVersion,nvarchar,YES,30,,,NULL
dbo,v_AnalogHistory,wwCycleCount,int,YES,,10,0,NULL
dbo,v_AnalogHistory,wwTimeStampRule,nvarchar,YES,20,,,NULL
dbo,v_AnalogHistory,wwInterpolationType,nvarchar,YES,20,,,NULL
dbo,v_AnalogHistory,wwQualityRule,nvarchar,YES,20,,,NULL
dbo,v_AnalogHistory,wwParameters,nvarchar,YES,128,,,NULL
dbo,v_AnalogHistory,wwOption,nvarchar,YES,512,,,NULL
dbo,v_AnalogHistory,wwExpression,nvarchar,YES,512,,,NULL
dbo,v_AnalogHistory,wwUnit,nvarchar,YES,512,,,NULL
dbo,v_AnalogLive,DateTime,datetime2,NO,,,,NULL
dbo,v_AnalogLive,TagName,nvarchar,NO,256,,,NULL
dbo,v_AnalogLive,Value,float,YES,,53,,NULL
dbo,v_AnalogLive,Quality,tinyint,NO,,3,0,NULL
dbo,v_AnalogLive,QualityDetail,int,YES,,10,0,NULL
dbo,v_AnalogLive,OPCQuality,int,YES,,10,0,NULL
dbo,v_AnalogLive,wwTagKey,int,NO,,10,0,NULL
dbo,v_AnalogLive,wwRetrievalMode,nvarchar,YES,16,,,NULL
dbo,v_AnalogLive,wwTimeDeadband,int,YES,,10,0,NULL
dbo,v_AnalogLive,wwValueDeadband,float,YES,,53,,NULL
dbo,v_AnalogLive,wwTimeZone,nvarchar,YES,50,,,NULL
dbo,v_AnalogLive,wwParameters,nvarchar,YES,128,,,NULL
dbo,v_AnalogLive,wwExpression,nvarchar,YES,4000,,,NULL
dbo,v_AnalogLive,wwUnit,nvarchar,YES,512,,,NULL
dbo,v_DiscreteHistory,DateTime,datetime2,NO,,,,NULL
dbo,v_DiscreteHistory,TagName,nvarchar,NO,256,,,NULL
dbo,v_DiscreteHistory,Value,float,YES,,53,,NULL
dbo,v_DiscreteHistory,Quality,tinyint,NO,,3,0,NULL
dbo,v_DiscreteHistory,QualityDetail,int,YES,,10,0,NULL
dbo,v_DiscreteHistory,OPCQuality,int,YES,,10,0,NULL
dbo,v_DiscreteHistory,wwTagKey,int,NO,,10,0,NULL
dbo,v_DiscreteHistory,wwRowCount,int,YES,,10,0,NULL
dbo,v_DiscreteHistory,wwResolution,int,YES,,10,0,NULL
dbo,v_DiscreteHistory,wwEdgeDetection,nvarchar,YES,16,,,NULL
dbo,v_DiscreteHistory,wwRetrievalMode,nvarchar,YES,16,,,NULL
dbo,v_DiscreteHistory,wwTimeDeadband,int,YES,,10,0,NULL
dbo,v_DiscreteHistory,wwTimeZone,nvarchar,YES,50,,,NULL
dbo,v_DiscreteHistory,wwVersion,nvarchar,YES,30,,,NULL
dbo,v_DiscreteHistory,wwCycleCount,int,YES,,10,0,NULL
dbo,v_DiscreteHistory,wwTimeStampRule,nvarchar,YES,20,,,NULL
dbo,v_DiscreteHistory,wwQualityRule,nvarchar,YES,20,,,NULL
dbo,v_DiscreteHistory,wwParameters,nvarchar,YES,128,,,NULL
dbo,v_DiscreteLive,DateTime,datetime2,NO,,,,NULL
dbo,v_DiscreteLive,TagName,nvarchar,NO,256,,,NULL
dbo,v_DiscreteLive,Value,float,YES,,53,,NULL
dbo,v_DiscreteLive,Quality,tinyint,NO,,3,0,NULL
dbo,v_DiscreteLive,QualityDetail,int,YES,,10,0,NULL
dbo,v_DiscreteLive,OPCQuality,int,YES,,10,0,NULL
dbo,v_DiscreteLive,wwTagKey,int,NO,,10,0,NULL
dbo,v_DiscreteLive,wwRetrievalMode,nvarchar,YES,16,,,NULL
dbo,v_DiscreteLive,wwTimeDeadband,int,YES,,10,0,NULL
dbo,v_DiscreteLive,wwTimeZone,nvarchar,YES,50,,,NULL
dbo,v_DiscreteLive,wwParameters,nvarchar,YES,128,,,NULL
dbo,v_ErrorLog,DateTime,datetime2,NO,,,,NULL
dbo,v_ErrorLog,Type,nvarchar,YES,10,,,NULL
dbo,v_ErrorLog,LocalizedText,nvarchar,YES,-1,,,NULL
dbo,v_ErrorLog,Parameter,nvarchar,YES,256,,,NULL
dbo,v_ErrorLog,TotalCount,int,YES,,10,0,NULL
dbo,v_ErrorLog,ModuleID,int,YES,,10,0,NULL
dbo,v_ErrorLog,Host,nvarchar,YES,32,,,NULL
dbo,v_ErrorLog,FileName,nvarchar,YES,64,,,NULL
dbo,v_ErrorLog,Line,int,YES,,10,0,NULL
dbo,v_EventHistory,EventStamp,datetime2,YES,,,,NULL
dbo,v_EventHistory,TagName,nvarchar,YES,132,,,NULL
dbo,v_EventHistory,Description,nvarchar,YES,255,,,NULL
dbo,v_EventHistory,Area,nvarchar,YES,32,,,NULL
dbo,v_EventHistory,Type,nvarchar,YES,6,,,NULL
dbo,v_EventHistory,Value,nvarchar,YES,131,,,NULL
dbo,v_EventHistory,CheckValue,nvarchar,YES,131,,,NULL
dbo,v_EventHistory,Priority,int,NO,,10,0,NULL
dbo,v_EventHistory,Category,nvarchar,YES,8,,,NULL
dbo,v_EventHistory,Provider,nvarchar,YES,65,,,NULL
dbo,v_EventHistory,Operator,nvarchar,YES,131,,,NULL
dbo,v_EventHistory,DomainName,nvarchar,YES,155,,,NULL
dbo,v_EventHistory,UserFullName,nvarchar,YES,255,,,NULL
dbo,v_EventHistory,User1,float,YES,,53,,NULL
dbo,v_EventHistory,User2,float,YES,,53,,NULL
dbo,v_EventHistory,User3,nvarchar,YES,131,,,NULL
dbo,v_EventHistory,EventStampUTC,datetime2,NO,,,,NULL
dbo,v_EventHistory,MilliSec,int,NO,,10,0,NULL
dbo,v_EventHistory,OperatorNode,nvarchar,YES,131,,,NULL
dbo,v_EventSnapshot,Event,nvarchar,YES,256,,,NULL
dbo,v_EventSnapshot,EventTime,datetime2,NO,,,,NULL
dbo,v_EventSnapshot,DetectionTime,datetime2,NO,,,,NULL
dbo,v_EventSnapshot,Edge,nvarchar,NO,8,,,NULL
dbo,v_EventSnapshot,TagName,nvarchar,NO,256,,,NULL
dbo,v_EventSnapshot,Value,float,YES,,53,,NULL
dbo,v_EventSnapshot,Quality,tinyint,YES,,3,0,NULL
dbo,v_EventSnapshot,QualityDetail,int,YES,,10,0,NULL
dbo,v_EventStringSnapshot,Event,nvarchar,YES,256,,,NULL
dbo,v_EventStringSnapshot,EventTime,datetime2,NO,,,,NULL
dbo,v_EventStringSnapshot,DetectionTime,datetime2,NO,,,,NULL
dbo,v_EventStringSnapshot,Edge,nvarchar,NO,8,,,NULL
dbo,v_EventStringSnapshot,TagName,nvarchar,NO,256,,,NULL
dbo,v_EventStringSnapshot,Value,nvarchar,YES,512,,,NULL
dbo,v_EventStringSnapshot,Quality,tinyint,YES,,3,0,NULL
dbo,v_EventStringSnapshot,QualityDetail,int,YES,,10,0,NULL
dbo,v_History,DateTime,datetime2,NO,,,,NULL
dbo,v_History,TagName,nvarchar,NO,256,,,NULL
dbo,v_History,Value,float,YES,,53,,NULL
dbo,v_History,vValue,nvarchar,YES,4000,,,NULL
dbo,v_History,Quality,tinyint,NO,,3,0,NULL
dbo,v_History,QualityDetail,int,YES,,10,0,NULL
dbo,v_History,OPCQuality,int,YES,,10,0,NULL
dbo,v_History,wwTagKey,int,NO,,10,0,NULL
dbo,v_History,wwRowCount,int,YES,,10,0,NULL
dbo,v_History,wwResolution,int,YES,,10,0,NULL
dbo,v_History,wwEdgeDetection,nvarchar,YES,16,,,NULL
dbo,v_History,wwRetrievalMode,nvarchar,YES,16,,,NULL
dbo,v_History,wwTimeDeadband,int,YES,,10,0,NULL
dbo,v_History,wwValueDeadband,float,YES,,53,,NULL
dbo,v_History,wwTimeZone,nvarchar,YES,50,,,NULL
dbo,v_History,wwVersion,nvarchar,YES,30,,,NULL
dbo,v_History,wwCycleCount,int,YES,,10,0,NULL
dbo,v_History,wwTimeStampRule,nvarchar,YES,20,,,NULL
dbo,v_History,wwInterpolationType,nvarchar,YES,20,,,NULL
dbo,v_History,wwQualityRule,nvarchar,YES,20,,,NULL
dbo,v_History,wwStateCalc,nvarchar,YES,20,,,NULL
dbo,v_History,StateTime,float,YES,,53,,NULL
dbo,v_History,PercentGood,float,YES,,53,,NULL
dbo,v_History,wwParameters,nvarchar,YES,128,,,NULL
dbo,v_History,StartDateTime,datetime2,NO,,,,NULL
dbo,v_History,SourceTag,nvarchar,YES,256,,,NULL
dbo,v_History,SourceServer,nvarchar,YES,256,,,NULL
dbo,v_History,wwFilter,nvarchar,YES,512,,,NULL
dbo,v_History,wwValueSelector,nvarchar,NO,128,,,NULL
dbo,v_History,wwMaxStates,int,YES,,10,0,NULL
dbo,v_History,wwOption,nvarchar,YES,512,,,NULL
dbo,v_History,wwExpression,nvarchar,YES,4000,,,NULL
dbo,v_History,wwUnit,nvarchar,YES,512,,,NULL
dbo,v_HistoryBlock,FromDate,datetime2,NO,,,,NULL
dbo,v_HistoryBlock,ToDate,datetime2,NO,,,,NULL
dbo,v_HistoryBlock,StorageNodeKey,int,NO,,10,0,NULL
dbo,v_HistoryBlock,Description,nvarchar,YES,50,,,NULL
dbo,v_HistoryBlock,OnLine,tinyint,NO,,3,0,NULL
dbo,v_HistoryBlock,HistoryArchived,int,NO,,10,0,NULL
dbo,v_HistoryBlock,SummaryArchived,int,NO,,10,0,NULL
dbo,v_HistoryBlock,EventArchived,int,NO,,10,0,NULL
dbo,v_HistoryBlock,StorageAreaType,int,NO,,10,0,NULL
dbo,v_HistoryBlock,ArchiveDate,datetime2,YES,,,,NULL
dbo,v_HistoryBlock,ArchiveLocation,nvarchar,YES,50,,,NULL
dbo,v_HistoryBlock,Version,int,YES,,10,0,NULL
dbo,v_HistoryBlock,Compression,int,YES,,10,0,NULL
dbo,v_HistoryBlock,Sequence,int,NO,,10,0,NULL
dbo,v_HistoryBlock,TimeZoneOffset,int,YES,,10,0,NULL
dbo,v_HistoryBlock,wwTimeZone,nvarchar,YES,50,,,NULL
dbo,v_Live,DateTime,datetime2,NO,,,,NULL
dbo,v_Live,TagName,nvarchar,NO,256,,,NULL
dbo,v_Live,Value,float,YES,,53,,NULL
dbo,v_Live,vValue,nvarchar,YES,4000,,,NULL
dbo,v_Live,Quality,tinyint,NO,,3,0,NULL
dbo,v_Live,QualityDetail,int,YES,,10,0,NULL
dbo,v_Live,OPCQuality,int,YES,,10,0,NULL
dbo,v_Live,wwTagKey,int,NO,,10,0,NULL
dbo,v_Live,wwRetrievalMode,nvarchar,YES,16,,,NULL
dbo,v_Live,wwTimeDeadband,int,YES,,10,0,NULL
dbo,v_Live,wwValueDeadband,float,YES,,53,,NULL
dbo,v_Live,wwTimeZone,nvarchar,YES,50,,,NULL
dbo,v_Live,wwParameters,nvarchar,YES,128,,,NULL
dbo,v_Live,SourceTag,nvarchar,YES,256,,,NULL
dbo,v_Live,SourceServer,nvarchar,YES,256,,,NULL
dbo,v_Live,wwValueSelector,nvarchar,NO,128,,,NULL
dbo,v_Live,wwExpression,nvarchar,YES,4000,,,NULL
dbo,v_Live,wwUnit,nvarchar,YES,512,,,NULL
dbo,v_ModTracking,DateTime,datetime2,NO,,,,NULL
dbo,v_ModTracking,Table,varchar,YES,50,,,NULL
dbo,v_ModTracking,Column,nvarchar,NO,128,,,NULL
dbo,v_ModTracking,ModType,char,NO,1,,,NULL
dbo,v_ModTracking,RowKey,sql_variant,NO,0,,,NULL
dbo,v_ModTracking,New Value,sql_variant,YES,0,,,NULL
dbo,v_ModTracking,Old Value,sql_variant,YES,0,,,NULL
dbo,v_ModTracking,User,nvarchar,NO,256,,,NULL
dbo,v_SnapshotData,Event,nvarchar,YES,256,,,NULL
dbo,v_SnapshotData,EventTime,datetime2,NO,,,,NULL
dbo,v_SnapshotData,DetectionTime,datetime2,NO,,,,NULL
dbo,v_SnapshotData,Edge,nvarchar,NO,8,,,NULL
dbo,v_SnapshotData,TagName,nvarchar,NO,256,,,NULL
dbo,v_SnapshotData,Value,nvarchar,YES,512,,,NULL
dbo,v_SnapshotData,Quality,tinyint,YES,,3,0,NULL
dbo,v_SnapshotData,QualityDetail,int,YES,,10,0,NULL
dbo,v_StringHistory,DateTime,datetime2,NO,,,,NULL
dbo,v_StringHistory,TagName,nvarchar,NO,256,,,NULL
dbo,v_StringHistory,Value,nvarchar,YES,512,,,NULL
dbo,v_StringHistory,Quality,tinyint,NO,,3,0,NULL
dbo,v_StringHistory,QualityDetail,int,YES,,10,0,NULL
dbo,v_StringHistory,OPCQuality,int,YES,,10,0,NULL
dbo,v_StringHistory,wwTagKey,int,NO,,10,0,NULL
dbo,v_StringHistory,wwRowCount,int,YES,,10,0,NULL
dbo,v_StringHistory,wwResolution,int,YES,,10,0,NULL
dbo,v_StringHistory,wwEdgeDetection,nvarchar,YES,16,,,NULL
dbo,v_StringHistory,wwRetrievalMode,nvarchar,YES,16,,,NULL
dbo,v_StringHistory,wwTimeDeadband,int,YES,,10,0,NULL
dbo,v_StringHistory,wwTimeZone,nvarchar,YES,50,,,NULL
dbo,v_StringHistory,wwVersion,nvarchar,YES,30,,,NULL
dbo,v_StringHistory,wwCycleCount,int,YES,,10,0,NULL
dbo,v_StringHistory,wwTimeStampRule,nvarchar,YES,20,,,NULL
dbo,v_StringHistory,wwQualityRule,nvarchar,YES,20,,,NULL
dbo,v_StringHistory,wwParameters,nvarchar,YES,128,,,NULL
dbo,v_StringLive,DateTime,datetime2,NO,,,,NULL
dbo,v_StringLive,TagName,nvarchar,NO,256,,,NULL
dbo,v_StringLive,Value,nvarchar,YES,512,,,NULL
dbo,v_StringLive,Quality,tinyint,NO,,3,0,NULL
dbo,v_StringLive,QualityDetail,int,YES,,10,0,NULL
dbo,v_StringLive,OPCQuality,int,YES,,10,0,NULL
dbo,v_StringLive,wwTagKey,int,NO,,10,0,NULL
dbo,v_StringLive,wwRetrievalMode,nvarchar,YES,16,,,NULL
dbo,v_StringLive,wwTimeDeadband,int,YES,,10,0,NULL
dbo,v_StringLive,wwTimeZone,nvarchar,YES,50,,,NULL
dbo,v_StringLive,wwParameters,nvarchar,YES,128,,,NULL
dbo,v_SummaryData,TagName,nvarchar,NO,256,,,NULL
dbo,v_SummaryData,CalcType,varchar,YES,3,,,NULL
dbo,v_SummaryData,SummaryDate,datetime2,NO,,,,NULL
dbo,v_SummaryData,Value,float,YES,,53,,NULL
dbo,v_SummaryData,Quality,tinyint,NO,,3,0,NULL
dbo,v_SummaryData,Duration,real,YES,,24,,NULL
dbo,v_SummaryData,Resolution,int,YES,,10,0,NULL
dbo,v_SummaryData,TimeStamp,tinyint,YES,,3,0,NULL
dbo,v_SummaryData,EventTag,nvarchar,NO,256,,,NULL
dbo,WideTableDictionary,UserKey,int,NO,,10,0,NULL
dbo,WideTableDictionary,TagName,nvarchar,NO,256,,,NULL
