population_id,input_name,input_number,year_class,input_project_id,input_project_name,fishgroup,population_name,container_id,container_name,container_group,hall_letter,site,site_group,prod_stage,org_unit_name,start_time,end_time,end_time_effective,end_time_source,stage_first,stage_last,stage_event_count,stage_sources,station_match
011C08AA-4F62-4D92-9439-496B20BF5007,Benchmark Gen. Desembur 2024,4,24,FE206D1D-C98D-4362-8E19-E18B388E43F3,Benchmark Gen. Desembur 2024,244.0067,Benchmark Gen. Desembur 2024,AD0AD03C-8207-437A-9DC7-152DBC77CAFA,D5,D Høll,D,S24 Strond,,Hatchery,S24 Strond,2025-05-26 13:27:28,2025-05-27 10:46:11,2025-05-27 10:46:11,source,Fry,Fry,1,population_stages,yes
0318631C-293F-4EB9-B450-2B88FCC28ADF,Benchmark Gen. Desembur 2024,4,2024,FE206D1D-C98D-4362-8E19-E18B388E43F3,Benchmark Gen. Desembur 2024,244.0040,Benchmark Gen. Desembur 2024,6EE57570-2A1E-4882-A20D-8B0DFE657354,A39,A Høll,A,S24 Strond,,Hatchery,S24 Strond,2024-12-18 08:52:25,2025-03-05 14:18:34,2025-03-05 14:18:34,source,Egg&Alevin,Egg&Alevin,2,"operation_stage_changes,population_stages",yes
032DD9FD-605D-4E0E-AE4C-FADE0A124A95,Benchmark Gen. Desembur 2024,4,24,FE206D1D-C98D-4362-8E19-E18B388E43F3,Benchmark Gen. Desembur 2024,244.0167,Benchmark Gen. Desembur 2024,DCB0590A-7BE2-4390-8034-381B1807BB1B,E03,E Høll,E,S24 Strond,,Hatchery,S24 Strond,2025-10-23 12:23:02,2025-10-24 15:10:48,2025-10-24 15:10:48,source,Fry,Fry,1,population_stages,yes
040913B5-7C51-4A1D-9B93-86B9289D03EA,Benchmark Gen. Desembur 2024,4,24,FE206D1D-C98D-4362-8E19-E18B388E43F3,Benchmark Gen. Desembur 2024,244.0168,Benchmark Gen. Desembur 2024,BE5CEE98-7AE2-45AE-8A33-6FC66D026184,E02,E Høll,E,S24 Strond,,Hatchery,S24 Strond,2025-10-24 15:10:48,2025-12-22 15:52:23,2025-12-22 15:52:23,source,Fry,Fry,1,population_stages,yes
0436F763-2749-4DA9-8C7D-A4BA03AD7106,Benchmark Gen. Desembur 2024,4,24,FE206D1D-C98D-4362-8E19-E18B388E43F3,Benchmark Gen. Desembur 2024,244.0217,Benchmark Gen. Desembur 2024,6D5F9BAE-166A-4A37-B5FD-42565AFA9256,I1,I Høll,I,S24 Strond,,Hatchery,S24 Strond,2026-01-14 10:58:16,2026-01-16 15:31:00,2026-01-16 15:31:00,source,,,0,,yes
0622DEF8-3EFD-44BD-86FF-4333ABE0F574,Benchmark Gen. Desembur 2024,4,24,FE206D1D-C98D-4362-8E19-E18B388E43F3,Benchmark Gen. Desembur 2024,244.0141,Benchmark Gen. Desembur 2024,C7106986-70AD-4CB5-A2DE-3AB3ED3B6577,F03,F Høll,F,S24 Strond,,Hatchery,S24 Strond,2025-08-19 15:20:49,2025-08-21 09:12:35,2025-08-21 09:12:35,source,Fry,Fry,1,population_stages,yes
06D6C434-C183-4A18-9375-C307A6CD455A,Benchmark Gen. Desembur 2024,4,24,FE206D1D-C98D-4362-8E19-E18B388E43F3,Benchmark Gen. Desembur 2024,244.0205,Benchmark Gen. Desembur 2024,5795805D-A47F-43FC-BC2F-3CD520C89062,J4,J Høll,J,S24 Strond,,Hatchery,S24 Strond,2025-12-29 11:52:46,2025-12-30 12:09:18,2025-12-30 12:09:18,source,,,0,,yes
0704DD57-5020-4BDF-BDA4-2672C4B99B5A,Benchmark Gen. Desembur 2024,4,24,FE206D1D-C98D-4362-8E19-E18B388E43F3,Benchmark Gen. Desembur 2024,244.0084,Benchmark Gen. Desembur 2024,90E4BD9B-3BDF-4542-AD4C-61A4C75947DC,D8,D Høll,D,S24 Strond,,Hatchery,S24 Strond,2025-05-27 10:50:01,2025-05-28 13:10:37,2025-05-28 13:10:37,source,Fry,Fry,1,population_stages,yes
07B128B5-B5EF-41F9-ADAE-FF6B72B93610,Benchmark Gen. Desembur 2024,4,24,FE206D1D-C98D-4362-8E19-E18B388E43F3,Benchmark Gen. Desembur 2024,244.0137,Benchmark Gen. Desembur 2024,C7106986-70AD-4CB5-A2DE-3AB3ED3B6577,F03,F Høll,F,S24 Strond,,Hatchery,S24 Strond,2025-08-15 15:50:02,2025-08-19 15:20:49,2025-08-19 15:20:49,source,Fry,Fry,1,population_stages,yes
0953E4AE-B344-4663-8172-55A33848C00D,Benchmark Gen. Desembur 2024,4,2024,FE206D1D-C98D-4362-8E19-E18B388E43F3,Benchmark Gen. Desembur 2024,244.0039,Benchmark Gen. Desembur 2024,A17C56E3-7B48-4A94-BEC1-4EFF4A1567CB,A38,A Høll,A,S24 Strond,,Hatchery,S24 Strond,2024-12-18 08:52:25,2025-03-05 14:18:34,2025-03-05 14:18:34,source,Egg&Alevin,Egg&Alevin,2,"operation_stage_changes,population_stages",yes
099A6D4D-18A2-4171-BA1D-3C0B8392612B,Benchmark Gen. Desembur 2024,4,24,FE206D1D-C98D-4362-8E19-E18B388E43F3,Benchmark Gen. Desembur 2024,244.0126,Benchmark Gen. Desembur 2024,BA4588C4-3B18-4A83-A265-A96CC5D746AB,C3,C Høll,C,S24 Strond,,Hatchery,S24 Strond,2025-07-31 07:18:50,2025-08-01 15:44:46,2025-08-01 15:44:46,source,Fry,Fry,1,population_stages,yes
0AFEFC32-8760-4CDD-AF98-F7DDE1B5B197,Benchmark Gen. Desembur 2024,4,24,FE206D1D-C98D-4362-8E19-E18B388E43F3,Benchmark Gen. Desembur 2024,244.0080,Benchmark Gen. Desembur 2024,D751B03C-1EA5-47F0-A98D-EAC6DA9D0494,D4,D Høll,D,S24 Strond,,Hatchery,S24 Strond,2025-05-27 10:48:05,2025-05-27 10:50:01,2025-05-27 10:50:01,source,Fry,Fry,1,population_stages,yes
0D0EFA86-5FC3-4C5B-A41D-44A49EB9E38B,Benchmark Gen. Desembur 2024,4,24,FE206D1D-C98D-4362-8E19-E18B388E43F3,Benchmark Gen. Desembur 2024,244.0086,Benchmark Gen. Desembur 2024,63813753-13F9-41D4-AEB8-8004B4208484,B06,B Høll,B,S24 Strond,,Hatchery,S24 Strond,2025-03-05 14:18:34,2025-05-28 13:10:37,2025-05-28 13:10:37,source,Fry,Fry,1,population_stages,yes
0EC22690-7FE6-4EE6-8FF6-4C18E5E12952,Benchmark Gen. Desembur 2024,4,24,FE206D1D-C98D-4362-8E19-E18B388E43F3,Benchmark Gen. Desembur 2024,244.0117,Benchmark Gen. Desembur 2024,B2275C36-1B48-495C-AB04-603265976A17,F06,F Høll,F,S24 Strond,,Hatchery,S24 Strond,2025-07-26 21:04:53,2025-07-29 08:01:32,2025-07-29 08:01:32,source,Fry,Fry,1,population_stages,yes
0F80A5BF-A280-4DCD-9494-EE32DABFC010,Benchmark Gen. Desembur 2024,4,24,FE206D1D-C98D-4362-8E19-E18B388E43F3,Benchmark Gen. Desembur 2024,244.0054,Benchmark Gen. Desembur 2024,B1A16E43-5172-44F9-B534-B41C0EFB763D,D6,D Høll,D,S24 Strond,,Hatchery,S24 Strond,2025-05-26 13:15:26,2025-05-26 13:18:39,2025-05-26 13:18:39,source,Fry,Fry,1,population_stages,yes
11A91FAC-1C1C-4CFC-A2CC-A87BFDBECD80,Benchmark Gen. Desembur 2024,4,24,FE206D1D-C98D-4362-8E19-E18B388E43F3,Benchmark Gen. Desembur 2024,244.0127,Benchmark Gen. Desembur 2024,C4499F00-8E16-45BC-9F5E-8C906481D404,E01,E Høll,E,S24 Strond,,Hatchery,S24 Strond,2025-07-31 07:18:50,2025-08-01 15:44:46,2025-08-01 15:44:46,source,Fry,Fry,1,population_stages,yes
1516867C-5755-4912-B4A0-33F0D5A0B878,Benchmark Gen. Desembur 2024,4,24,FE206D1D-C98D-4362-8E19-E18B388E43F3,Benchmark Gen. Desembur 2024,244.0051,Benchmark Gen. Desembur 2024,B8D06244-3A75-45D0-8A8E-66D1C3FA3D5E,B11,B Høll,B,S24 Strond,,Hatchery,S24 Strond,2025-03-05 14:18:34,2025-05-27 10:48:05,2025-05-27 10:48:05,source,Fry,Fry,1,population_stages,yes
1636C683-E8F2-476D-BC21-0170CA7DCEE8,Benchmark Gen. Desembur 2024,4,2024,FE206D1D-C98D-4362-8E19-E18B388E43F3,Benchmark Gen. Desembur 2024,244.0025,Benchmark Gen. Desembur 2024,171A4DE7-588D-40EA-92D1-1203DD759FA7,A24,A Høll,A,S24 Strond,,Hatchery,S24 Strond,2024-12-18 08:52:25,2025-03-05 14:18:34,2025-03-05 14:18:34,source,Egg&Alevin,Egg&Alevin,2,"operation_stage_changes,population_stages",yes
16C31F77-27FF-4700-94F5-D5AB34DFFC60,Benchmark Gen. Desembur 2024,4,24,FE206D1D-C98D-4362-8E19-E18B388E43F3,Benchmark Gen. Desembur 2024,244.0093,Benchmark Gen. Desembur 2024,F7E57A41-4BDF-4158-8882-513FE3B3EBE1,D2,D Høll,D,S24 Strond,,Hatchery,S24 Strond,2025-05-28 13:13:29,2025-05-28 15:28:31,2025-05-28 15:28:31,source,Fry,Fry,1,population_stages,yes
180010F7-4237-4CF6-B723-861F9890917F,Benchmark Gen. Desembur 2024,4,24,FE206D1D-C98D-4362-8E19-E18B388E43F3,Benchmark Gen. Desembur 2024,244.0095,Benchmark Gen. Desembur 2024,90E4BD9B-3BDF-4542-AD4C-61A4C75947DC,D8,D Høll,D,S24 Strond,,Hatchery,S24 Strond,2025-05-28 15:28:31,2025-05-30 12:02:00,2025-05-30 12:02:00,source,Fry,Fry,1,population_stages,yes
1942AD4C-9245-4899-84E7-99E7237B8ACD,Benchmark Gen. Desembur 2024,4,2024,FE206D1D-C98D-4362-8E19-E18B388E43F3,Benchmark Gen. Desembur 2024,244.0022,Benchmark Gen. Desembur 2024,9B355C47-B313-482D-8482-667B49318BDE,A21,A Høll,A,S24 Strond,,Hatchery,S24 Strond,2024-12-18 08:52:25,2025-03-05 14:18:34,2025-03-05 14:18:34,source,Egg&Alevin,Egg&Alevin,2,"operation_stage_changes,population_stages",yes
1956522B-695D-4020-81E8-99EA50DD1453,Benchmark Gen. Desembur 2024,4,24,FE206D1D-C98D-4362-8E19-E18B388E43F3,Benchmark Gen. Desembur 2024,244.0215,Benchmark Gen. Desembur 2024,C637A5E2-53CA-4B79-96AC-36ED5380E328,I3,I Høll,I,S24 Strond,,Hatchery,S24 Strond,2026-01-13 10:52:08,2026-01-14 10:58:16,2026-01-14 10:58:16,source,,,0,,yes
19A46CC3-7DC6-417D-B42E-9154D61A40FC,Benchmark Gen. Desembur 2024,4,24,FE206D1D-C98D-4362-8E19-E18B388E43F3,Benchmark Gen. Desembur 2024,244.0201,Benchmark Gen. Desembur 2024,3BFCC01C-BCA1-4472-A53D-48CA4DDAFFF2,J2,J Høll,J,S24 Strond,,Hatchery,S24 Strond,2025-12-23 16:19:50,,2025-12-29 11:52:46,next_group_start,,,0,,yes
19D0A36D-72E5-4542-8275-C4E81F6806E0,Benchmark Gen. Desembur 2024,4,24,FE206D1D-C98D-4362-8E19-E18B388E43F3,Benchmark Gen. Desembur 2024,244.0081,Benchmark Gen. Desembur 2024,FDEAE661-F3DB-4CBA-8C4B-1274E452EA86,C1,C Høll,C,S24 Strond,,Hatchery,S24 Strond,2025-05-27 10:48:05,2025-05-27 10:50:01,2025-05-27 10:50:01,source,Fry,Fry,1,population_stages,yes
1A406CCD-00B1-41D2-B558-05D6AC2A2B91,Benchmark Gen. Desembur 2024,4,24,FE206D1D-C98D-4362-8E19-E18B388E43F3,Benchmark Gen. Desembur 2024,244.0210,Benchmark Gen. Desembur 2024,5795805D-A47F-43FC-BC2F-3CD520C89062,J4,J Høll,J,S24 Strond,,Hatchery,S24 Strond,2025-12-30 12:09:18,,2026-01-13 10:52:08,next_group_start,,,0,,yes
1B8198DA-FA9F-41B8-A90F-7222D739646A,Benchmark Gen. Desembur 2024,4,24,FE206D1D-C98D-4362-8E19-E18B388E43F3,Benchmark Gen. Desembur 2024,244.0186,Benchmark Gen. Desembur 2024,C7106986-70AD-4CB5-A2DE-3AB3ED3B6577,F03,F Høll,F,S24 Strond,,Hatchery,S24 Strond,2025-08-22 13:50:43,2025-11-14 14:04:06,2025-11-14 14:04:06,source,Fry,Fry,1,population_stages,yes
1BB6FC8C-F6C6-4DAB-84B1-00457AA3AFF7,Benchmark Gen. Desembur 2024,4,24,FE206D1D-C98D-4362-8E19-E18B388E43F3,Benchmark Gen. Desembur 2024,244.0064,Benchmark Gen. Desembur 2024,F92CF1C1-AC26-416A-88A8-02D16F25E265,D3,D Høll,D,S24 Strond,,Hatchery,S24 Strond,2025-05-26 13:23:26,2025-05-26 13:27:28,2025-05-26 13:27:28,source,Fry,Fry,1,population_stages,yes
1D11F030-ADFD-4CD1-A17B-EF09C65ABDBC,Benchmark Gen. Desembur 2024,4,24,FE206D1D-C98D-4362-8E19-E18B388E43F3,Benchmark Gen. Desembur 2024,244.0065,Benchmark Gen. Desembur 2024,3A3FC913-CCBD-400F-B2D2-05A696C783B9,D1,D Høll,D,S24 Strond,,Hatchery,S24 Strond,2025-05-26 13:27:28,2025-05-27 10:46:11,2025-05-27 10:46:11,source,Fry,Fry,1,population_stages,yes
1F400610-DFED-4AB1-BD5C-AE27E15A8236,Benchmark Gen. Desembur 2024,4,24,FE206D1D-C98D-4362-8E19-E18B388E43F3,Benchmark Gen. Desembur 2024,244.0147,Benchmark Gen. Desembur 2024,7A0A32F7-54F0-4584-A846-3F09436A206E,E05,E Høll,E,S24 Strond,,Hatchery,S24 Strond,2025-08-22 13:50:43,2025-11-13 08:58:09,2025-11-13 08:58:09,source,Fry,Fry,1,population_stages,yes
24D937C7-FF45-4124-BD68-85E9233644E3,Benchmark Gen. Desembur 2024,4,24,FE206D1D-C98D-4362-8E19-E18B388E43F3,Benchmark Gen. Desembur 2024,244.0194,Benchmark Gen. Desembur 2024,E646C3B6-6F9E-48A8-9AC0-FF13703A331A,F02,F Høll,F,S24 Strond,,Hatchery,S24 Strond,2025-09-29 10:17:28,2025-11-18 13:35:27,2025-11-18 13:35:27,source,Fry,Fry,1,population_stages,yes
25974C38-4E19-452F-9D31-2AD3CA8A2933,Benchmark Gen. Desembur 2024,4,24,FE206D1D-C98D-4362-8E19-E18B388E43F3,Benchmark Gen. Desembur 2024,244.0171,Benchmark Gen. Desembur 2024,5025C727-D163-497A-9C14-5BBFC6736B97,H3,H Høll,H,S24 Strond,,Hatchery,S24 Strond,2025-10-22 15:32:56,2025-10-23 15:38:05,2025-10-23 15:38:05,source,Fry,Fry,1,population_stages,yes
25C70360-4D85-4C3C-AA7C-77F935A6366C,Benchmark Gen. Desembur 2024,4,24,FE206D1D-C98D-4362-8E19-E18B388E43F3,Benchmark Gen. Desembur 2024,244.0221,Benchmark Gen. Desembur 2024,C637A5E2-53CA-4B79-96AC-36ED5380E328,I3,I Høll,I,S24 Strond,,Hatchery,S24 Strond,2026-01-16 15:31:00,,,source,,,0,,yes
25DCB8BB-1B78-4A1A-AE64-A8C789F99A49,Benchmark Gen. Desembur 2024,4,24,FE206D1D-C98D-4362-8E19-E18B388E43F3,Benchmark Gen. Desembur 2024,244.0110,Benchmark Gen. Desembur 2024,5270F2C1-7731-41C6-AC7B-AF6009FF5173,C5,C Høll,C,S24 Strond,,Hatchery,S24 Strond,2025-09-30 14:32:55,2025-10-02 14:41:19,2025-10-02 14:41:19,source,Fry,Fry,1,population_stages,yes
27143FD9-F838-4CA3-A9C9-174C5D7B8620,Benchmark Gen. Desembur 2024,4,24,FE206D1D-C98D-4362-8E19-E18B388E43F3,Benchmark Gen. Desembur 2024,244.0220,Benchmark Gen. Desembur 2024,6D5F9BAE-166A-4A37-B5FD-42565AFA9256,I1,I Høll,I,S24 Strond,,Hatchery,S24 Strond,2026-01-16 15:31:00,,,source,,,0,,yes
2872DB6E-82D2-464D-BC52-F128F433AC07,Benchmark Gen. Desembur 2024,4,24,FE206D1D-C98D-4362-8E19-E18B388E43F3,Benchmark Gen. Desembur 2024,244.0099,Benchmark Gen. Desembur 2024,90E4BD9B-3BDF-4542-AD4C-61A4C75947DC,D8,D Høll,D,S24 Strond,,Hatchery,S24 Strond,2025-08-01 15:44:46,2025-08-22 13:50:43,2025-08-22 13:50:43,source,Fry,Fry,1,population_stages,yes
29542090-1AAE-4C3A-92D3-B18719AE1A5A,Benchmark Gen. Desembur 2024,4,24,FE206D1D-C98D-4362-8E19-E18B388E43F3,Benchmark Gen. Desembur 2024,244.0192,Benchmark Gen. Desembur 2024,59951ABF-8516-489D-8C11-6B5A8BABAE83,G4,G Høll,G,S24 Strond,,Hatchery,S24 Strond,2025-11-17 15:49:55,2025-11-18 13:35:27,2025-11-18 13:35:27,source,,,0,,yes
2CE25D4C-DD8C-43C8-9E80-AD0095EA9363,Benchmark Gen. Desembur 2024,4,24,FE206D1D-C98D-4362-8E19-E18B388E43F3,Benchmark Gen. Desembur 2024,244.0075,Benchmark Gen. Desembur 2024,AD0AD03C-8207-437A-9DC7-152DBC77CAFA,D5,D Høll,D,S24 Strond,,Hatchery,S24 Strond,2025-05-27 10:46:11,2025-05-27 13:29:47,2025-05-27 13:29:47,source,Fry,Fry,1,population_stages,yes
2DF5547D-A0C5-4143-8AE9-202D74950D61,Benchmark Gen. Desembur 2024,4,2024,FE206D1D-C98D-4362-8E19-E18B388E43F3,Benchmark Gen. Desembur 2024,244.0014,Benchmark Gen. Desembur 2024,9D19361F-B7E2-4606-BDC9-49E5F858614F,A13,A Høll,A,S24 Strond,,Hatchery,S24 Strond,2024-12-18 08:52:25,2025-03-05 14:18:34,2025-03-05 14:18:34,source,Egg&Alevin,Egg&Alevin,2,"operation_stage_changes,population_stages",yes
2E7AE8AD-F16B-486B-B6E3-0A4A63CC1C0F,Benchmark Gen. Desembur 2024,4,24,FE206D1D-C98D-4362-8E19-E18B388E43F3,Benchmark Gen. Desembur 2024,244.0148,Benchmark Gen. Desembur 2024,830F20C4-7EB8-47B1-A075-E6201AFEFF45,C7,C Høll,C,S24 Strond,,Hatchery,S24 Strond,2025-08-22 13:50:43,2025-09-24 10:58:04,2025-09-24 10:58:04,source,Fry,Fry,1,population_stages,yes
2F0255FE-681F-4D53-B318-21CA3661878A,Benchmark Gen. Desembur 2024,4,24,FE206D1D-C98D-4362-8E19-E18B388E43F3,Benchmark Gen. Desembur 2024,244.0178,Benchmark Gen. Desembur 2024,35E67C93-6A2E-4CA1-9307-03EF27A379BA,F04,F Høll,F,S24 Strond,,Hatchery,S24 Strond,2025-10-28 08:45:58,2025-11-13 08:58:09,2025-11-13 08:58:09,source,Fry,Fry,1,population_stages,yes
2F95A053-683B-40EB-AE57-6820292591D7,Benchmark Gen. Desembur 2024,4,24,FE206D1D-C98D-4362-8E19-E18B388E43F3,Benchmark Gen. Desembur 2024,244.0151,Benchmark Gen. Desembur 2024,B70AA132-33BD-4A0C-A98E-A85AEB17232F,E06,E Høll,E,S24 Strond,,Hatchery,S24 Strond,2025-09-24 10:58:04,2025-10-16 08:32:07,2025-10-16 08:32:07,source,Fry,Fry,1,population_stages,yes
3144C1EE-7B55-4A41-8B72-6B1B096E40B3,Benchmark Gen. Desembur 2024,4,24,FE206D1D-C98D-4362-8E19-E18B388E43F3,Benchmark Gen. Desembur 2024,244.0125,Benchmark Gen. Desembur 2024,B2275C36-1B48-495C-AB04-603265976A17,F06,F Høll,F,S24 Strond,,Hatchery,S24 Strond,2025-07-31 07:18:50,2025-08-01 15:44:46,2025-08-01 15:44:46,source,Fry,Fry,1,population_stages,yes
336383E4-EF6E-4D6D-A7E6-E25A9B14FFF9,Benchmark Gen. Desembur 2024,4,24,FE206D1D-C98D-4362-8E19-E18B388E43F3,Benchmark Gen. Desembur 2024,244.0180,Benchmark Gen. Desembur 2024,D306600C-5EE9-4FD5-A9CC-278C501212D0,H1,H Høll,H,S24 Strond,,Hatchery,S24 Strond,2025-10-28 08:45:58,,2025-11-13 08:58:09,next_group_start,Fry,Fry,1,population_stages,yes
33FCB396-5BCD-42CA-9700-31328FE3978E,Benchmark Gen. Desembur 2024,4,24,FE206D1D-C98D-4362-8E19-E18B388E43F3,Benchmark Gen. Desembur 2024,244.0165,Benchmark Gen. Desembur 2024,DCB0590A-7BE2-4390-8034-381B1807BB1B,E03,E Høll,E,S24 Strond,,Hatchery,S24 Strond,2025-10-21 15:54:06,2025-10-23 12:23:02,2025-10-23 12:23:02,source,Fry,Fry,1,population_stages,yes
33FD3690-A690-4FD3-A7EF-3524EBEC06CF,Benchmark Gen. Desembur 2024,4,24,FE206D1D-C98D-4362-8E19-E18B388E43F3,Benchmark Gen. Desembur 2024,244.0197,Benchmark Gen. Desembur 2024,3BFCC01C-BCA1-4472-A53D-48CA4DDAFFF2,J2,J Høll,J,S24 Strond,,Hatchery,S24 Strond,2025-12-22 15:52:23,2025-12-23 16:19:50,2025-12-23 16:19:50,source,,,0,,yes
3450A49B-011B-4F15-B010-B51EB89DD4F0,Benchmark Gen. Desembur 2024,4,24,FE206D1D-C98D-4362-8E19-E18B388E43F3,Benchmark Gen. Desembur 2024,244.0136,Benchmark Gen. Desembur 2024,830F20C4-7EB8-47B1-A075-E6201AFEFF45,C7,C Høll,C,S24 Strond,,Hatchery,S24 Strond,2025-08-15 15:50:02,2025-08-19 15:20:49,2025-08-19 15:20:49,source,Fry,Fry,1,population_stages,yes
3461F807-4CDF-471C-AFE2-5B88FF396BBC,Benchmark Gen. Desembur 2024,4,24,FE206D1D-C98D-4362-8E19-E18B388E43F3,Benchmark Gen. Desembur 2024,244.0070,Benchmark Gen. Desembur 2024,4626FC19-F0F1-48BA-B7E3-19F399BE44BC,C2,C Høll,C,S24 Strond,,Hatchery,S24 Strond,2025-05-27 13:29:47,2025-05-30 12:02:00,2025-05-30 12:02:00,source,Fry,Fry,1,population_stages,yes
36F34354-377B-459F-B543-5C5C4135586D,Benchmark Gen. Desembur 2024,4,24,FE206D1D-C98D-4362-8E19-E18B388E43F3,Benchmark Gen. Desembur 2024,244.0153,Benchmark Gen. Desembur 2024,E646C3B6-6F9E-48A8-9AC0-FF13703A331A,F02,F Høll,F,S24 Strond,,Hatchery,S24 Strond,2025-11-18 13:35:27,2025-12-29 11:52:46,2025-12-29 11:52:46,source,,,0,,yes
38DBFD55-C009-4572-AACA-89B7CB1C55CC,Benchmark Gen. Desembur 2024,4,24,FE206D1D-C98D-4362-8E19-E18B388E43F3,Benchmark Gen. Desembur 2024,244.0088,Benchmark Gen. Desembur 2024,D751B03C-1EA5-47F0-A98D-EAC6DA9D0494,D4,D Høll,D,S24 Strond,,Hatchery,S24 Strond,2025-05-28 13:10:37,2025-05-28 13:13:29,2025-05-28 13:13:29,source,Fry,Fry,1,population_stages,yes
3A3C2EB9-56D3-4EEC-B62D-DD79E273F4FE,Benchmark Gen. Desembur 2024,4,24,FE206D1D-C98D-4362-8E19-E18B388E43F3,Benchmark Gen. Desembur 2024,244.0076,Benchmark Gen. Desembur 2024,F92CF1C1-AC26-416A-88A8-02D16F25E265,D3,D Høll,D,S24 Strond,,Hatchery,S24 Strond,2025-05-27 10:46:11,2025-05-27 13:29:47,2025-05-27 13:29:47,source,Fry,Fry,1,population_stages,yes
3BDF606E-BA5B-468E-A46F-D17E0A5AB1EC,Benchmark Gen. Desembur 2024,4,2024,FE206D1D-C98D-4362-8E19-E18B388E43F3,Benchmark Gen. Desembur 2024,244.0007,Benchmark Gen. Desembur 2024,FA360E1C-FD46-4E23-9A2E-A0434C3D53B7,A06,A Høll,A,S24 Strond,,Hatchery,S24 Strond,2024-12-18 08:52:25,2025-03-05 14:18:34,2025-03-05 14:18:34,source,Egg&Alevin,Egg&Alevin,2,"operation_stage_changes,population_stages",yes
3C118F6B-B9DE-4FF1-9BDD-485AC79FD67C,Benchmark Gen. Desembur 2024,4,24,FE206D1D-C98D-4362-8E19-E18B388E43F3,Benchmark Gen. Desembur 2024,244.0144,Benchmark Gen. Desembur 2024,830F20C4-7EB8-47B1-A075-E6201AFEFF45,C7,C Høll,C,S24 Strond,,Hatchery,S24 Strond,2025-08-21 09:12:35,2025-08-22 13:50:43,2025-08-22 13:50:43,source,Fry,Fry,1,population_stages,yes
4041245A-E6FA-4651-B025-8CFB4A418D4F,Benchmark Gen. Desembur 2024,4,24,FE206D1D-C98D-4362-8E19-E18B388E43F3,Benchmark Gen. Desembur 2024,244.0172,Benchmark Gen. Desembur 2024,64D0225A-59C0-424E-96CC-8A2674E5D6E5,H2,H Høll,H,S24 Strond,,Hatchery,S24 Strond,2025-10-22 15:32:56,2025-10-23 15:38:05,2025-10-23 15:38:05,source,Fry,Fry,1,population_stages,yes
409B8CD1-D9B7-4C40-8709-A9C7D3A3FE64,Benchmark Gen. Desembur 2024,4,24,FE206D1D-C98D-4362-8E19-E18B388E43F3,Benchmark Gen. Desembur 2024,244.0159,Benchmark Gen. Desembur 2024,CDD6125F-9D9C-45AB-B777-D73DF74D9200,F01,F Høll,F,S24 Strond,,Hatchery,S24 Strond,2025-10-01 14:38:53,2025-10-02 14:41:19,2025-10-02 14:41:19,source,Fry,Fry,1,population_stages,yes
419A4D2F-5031-48B4-B364-B557901FED24,Benchmark Gen. Desembur 2024,4,24,FE206D1D-C98D-4362-8E19-E18B388E43F3,Benchmark Gen. Desembur 2024,244.0105,Benchmark Gen. Desembur 2024,5270F2C1-7731-41C6-AC7B-AF6009FF5173,C5,C Høll,C,S24 Strond,,Hatchery,S24 Strond,2025-07-15 13:19:35,2025-07-17 15:10:46,2025-07-17 15:10:46,source,Fry,Fry,1,population_stages,yes
43962481-4643-448D-8D3C-66F13FE6A0F4,Benchmark Gen. Desembur 2024,4,24,FE206D1D-C98D-4362-8E19-E18B388E43F3,Benchmark Gen. Desembur 2024,244.0133,Benchmark Gen. Desembur 2024,830F20C4-7EB8-47B1-A075-E6201AFEFF45,C7,C Høll,C,S24 Strond,,Hatchery,S24 Strond,2025-07-17 15:10:46,2025-08-12 13:18:12,2025-08-12 13:18:12,source,Fry,Fry,1,population_stages,yes
43B35C2B-8D18-4A78-88E5-2258E4995CB0,Benchmark Gen. Desembur 2024,4,24,FE206D1D-C98D-4362-8E19-E18B388E43F3,Benchmark Gen. Desembur 2024,244.0055,Benchmark Gen. Desembur 2024,F92CF1C1-AC26-416A-88A8-02D16F25E265,D3,D Høll,D,S24 Strond,,Hatchery,S24 Strond,2025-05-26 13:15:26,2025-05-26 13:18:39,2025-05-26 13:18:39,source,Fry,Fry,1,population_stages,yes
4450708D-EC3C-492E-B664-3429F3E21A9E,Benchmark Gen. Desembur 2024,4,2024,FE206D1D-C98D-4362-8E19-E18B388E43F3,Benchmark Gen. Desembur 2024,244.0016,Benchmark Gen. Desembur 2024,F9BF39F2-5B89-421A-861E-156DDD9231C9,A15,A Høll,A,S24 Strond,,Hatchery,S24 Strond,2024-12-18 08:52:25,2025-03-05 14:18:34,2025-03-05 14:18:34,source,Egg&Alevin,Egg&Alevin,2,"operation_stage_changes,population_stages",yes
44942D60-4719-4596-B48C-D9215A4BCA57,Benchmark Gen. Desembur 2024,4,24,FE206D1D-C98D-4362-8E19-E18B388E43F3,Benchmark Gen. Desembur 2024,244.0128,Benchmark Gen. Desembur 2024,90E4BD9B-3BDF-4542-AD4C-61A4C75947DC,D8,D Høll,D,S24 Strond,,Hatchery,S24 Strond,2025-05-30 12:02:00,2025-08-01 15:44:46,2025-08-01 15:44:46,source,Fry,Fry,1,population_stages,yes
44E38680-2BE5-4BE4-9455-3DA390F3DB72,Benchmark Gen. Desembur 2024,4,24,FE206D1D-C98D-4362-8E19-E18B388E43F3,Benchmark Gen. Desembur 2024,244.0184,Benchmark Gen. Desembur 2024,6073D1BB-0651-461C-AFF6-925927E49552,G1,G Høll,G,S24 Strond,,Hatchery,S24 Strond,2025-11-13 08:58:09,2025-11-14 14:04:06,2025-11-14 14:04:06,source,,,0,,yes
47E02ED9-EC08-428F-97E2-75762B6AEFB6,Benchmark Gen. Desembur 2024,4,24,FE206D1D-C98D-4362-8E19-E18B388E43F3,Benchmark Gen. Desembur 2024,244.0073,Benchmark Gen. Desembur 2024,3A3FC913-CCBD-400F-B2D2-05A696C783B9,D1,D Høll,D,S24 Strond,,Hatchery,S24 Strond,2025-05-27 10:46:11,2025-05-27 13:29:47,2025-05-27 13:29:47,source,Fry,Fry,1,population_stages,yes
49E6C222-64A9-42C4-93B9-FEC00C623E23,Benchmark Gen. Desembur 2024,4,24,FE206D1D-C98D-4362-8E19-E18B388E43F3,Benchmark Gen. Desembur 2024,244.0169,Benchmark Gen. Desembur 2024,DCB0590A-7BE2-4390-8034-381B1807BB1B,E03,E Høll,E,S24 Strond,,Hatchery,S24 Strond,2025-12-30 12:09:18,2026-01-14 10:58:16,2026-01-14 10:58:16,source,,,0,,yes
49FBAEE5-8813-4869-B25C-FF0302301AC7,Benchmark Gen. Desembur 2024,4,24,FE206D1D-C98D-4362-8E19-E18B388E43F3,Benchmark Gen. Desembur 2024,244.0116,Benchmark Gen. Desembur 2024,279C2E24-7E02-4ADC-93DF-9458AFBA4B3F,F05,F Høll,F,S24 Strond,,Hatchery,S24 Strond,2025-07-26 21:04:53,2025-07-29 08:01:32,2025-07-29 08:01:32,source,Fry,Fry,1,population_stages,yes
4A045C82-D1EC-42D9-9140-97F49C8C9A47,Benchmark Gen. Desembur 2024,4,24,FE206D1D-C98D-4362-8E19-E18B388E43F3,Benchmark Gen. Desembur 2024,244.0175,Benchmark Gen. Desembur 2024,5025C727-D163-497A-9C14-5BBFC6736B97,H3,H Høll,H,S24 Strond,,Hatchery,S24 Strond,2025-10-23 15:38:05,2025-10-28 08:45:58,2025-10-28 08:45:58,source,Fry,Fry,1,population_stages,yes
4A73991C-15A2-4899-B9F0-E520CE01708F,Benchmark Gen. Desembur 2024,4,24,FE206D1D-C98D-4362-8E19-E18B388E43F3,Benchmark Gen. Desembur 2024,244.0161,Benchmark Gen. Desembur 2024,5270F2C1-7731-41C6-AC7B-AF6009FF5173,C5,C Høll,C,S24 Strond,,Hatchery,S24 Strond,2025-10-02 14:41:19,2025-10-21 15:54:06,2025-10-21 15:54:06,source,Fry,Fry,1,population_stages,yes
4B57C78A-2273-4168-9581-5A66EE2AE8EA,Benchmark Gen. Desembur 2024,4,24,FE206D1D-C98D-4362-8E19-E18B388E43F3,Benchmark Gen. Desembur 2024,244.0179,Benchmark Gen. Desembur 2024,5025C727-D163-497A-9C14-5BBFC6736B97,H3,H Høll,H,S24 Strond,,Hatchery,S24 Strond,2025-10-28 08:45:58,,2025-11-13 08:58:09,next_group_start,Fry,Fry,1,population_stages,yes
4BB591A6-9565-4075-810F-1E346816F86B,Benchmark Gen. Desembur 2024,4,2024,FE206D1D-C98D-4362-8E19-E18B388E43F3,Benchmark Gen. Desembur 2024,244.0018,Benchmark Gen. Desembur 2024,8381DB25-D27D-43B8-B577-586D21A63AEA,A17,A Høll,A,S24 Strond,,Hatchery,S24 Strond,2024-12-18 08:52:25,2025-03-05 14:18:34,2025-03-05 14:18:34,source,Egg&Alevin,Egg&Alevin,2,"operation_stage_changes,population_stages",yes
4C916286-A9DF-4F4C-B359-DB9E7E341E63,Benchmark Gen. Desembur 2024,4,24,FE206D1D-C98D-4362-8E19-E18B388E43F3,Benchmark Gen. Desembur 2024,244.0046,Benchmark Gen. Desembur 2024,90E4BD9B-3BDF-4542-AD4C-61A4C75947DC,D8,D Høll,D,S24 Strond,,Hatchery,S24 Strond,2025-05-28 13:10:37,2025-05-28 13:13:29,2025-05-28 13:13:29,source,Fry,Fry,1,population_stages,yes
4D891923-372F-4024-92A9-236AA6BE541C,Benchmark Gen. Desembur 2024,4,24,FE206D1D-C98D-4362-8E19-E18B388E43F3,Benchmark Gen. Desembur 2024,244.0145,Benchmark Gen. Desembur 2024,C7106986-70AD-4CB5-A2DE-3AB3ED3B6577,F03,F Høll,F,S24 Strond,,Hatchery,S24 Strond,2025-08-21 09:12:35,2025-08-22 13:50:43,2025-08-22 13:50:43,source,Fry,Fry,1,population_stages,yes
500AE2D4-01A9-4372-9F8F-76DC844A410E,Benchmark Gen. Desembur 2024,4,24,FE206D1D-C98D-4362-8E19-E18B388E43F3,Benchmark Gen. Desembur 2024,244.0190,Benchmark Gen. Desembur 2024,01CB4CBE-E9C6-4200-8A5F-5F095B388D71,G3,G Høll,G,S24 Strond,,Hatchery,S24 Strond,2025-11-17 15:49:55,,2025-11-18 13:35:27,next_group_start,,,0,,yes
50F1C43C-1ACE-46CD-956D-0E659575B006,Benchmark Gen. Desembur 2024,4,2024,FE206D1D-C98D-4362-8E19-E18B388E43F3,Benchmark Gen. Desembur 2024,244.0009,Benchmark Gen. Desembur 2024,B13041BD-259B-40CC-A190-65CC0604412A,A08,A Høll,A,S24 Strond,,Hatchery,S24 Strond,2024-12-18 08:52:25,2025-03-05 14:18:34,2025-03-05 14:18:34,source,Egg&Alevin,Egg&Alevin,2,"operation_stage_changes,population_stages",yes
50FD040E-D797-4A51-9126-BEDFC15B6787,Benchmark Gen. Desembur 2024,4,24,FE206D1D-C98D-4362-8E19-E18B388E43F3,Benchmark Gen. Desembur 2024,244.0112,Benchmark Gen. Desembur 2024,279C2E24-7E02-4ADC-93DF-9458AFBA4B3F,F05,F Høll,F,S24 Strond,,Hatchery,S24 Strond,2025-07-25 13:59:41,2025-07-26 21:04:53,2025-07-26 21:04:53,source,Fry,Fry,1,population_stages,yes
510DC804-5074-440A-903E-5F52EA410299,Benchmark Gen. Desembur 2024,4,24,FE206D1D-C98D-4362-8E19-E18B388E43F3,Benchmark Gen. Desembur 2024,244.0213,Benchmark Gen. Desembur 2024,59E1DAC8-9F21-4ADB-9161-DD5350184421,I2,I Høll,I,S24 Strond,,Hatchery,S24 Strond,2026-01-13 10:52:08,2026-01-14 10:58:16,2026-01-14 10:58:16,source,,,0,,yes
537B8BED-DBA7-4352-BCD8-9474117AF9E6,Benchmark Gen. Desembur 2024,4,24,FE206D1D-C98D-4362-8E19-E18B388E43F3,Benchmark Gen. Desembur 2024,244.0118,Benchmark Gen. Desembur 2024,BA4588C4-3B18-4A83-A265-A96CC5D746AB,C3,C Høll,C,S24 Strond,,Hatchery,S24 Strond,2025-07-26 21:04:53,2025-07-29 08:01:32,2025-07-29 08:01:32,source,Fry,Fry,1,population_stages,yes
53837883-1AB0-4B47-8657-6FE756265C38,Benchmark Gen. Desembur 2024,4,24,FE206D1D-C98D-4362-8E19-E18B388E43F3,Benchmark Gen. Desembur 2024,244.0113,Benchmark Gen. Desembur 2024,B2275C36-1B48-495C-AB04-603265976A17,F06,F Høll,F,S24 Strond,,Hatchery,S24 Strond,2025-07-25 13:59:41,2025-07-26 21:04:53,2025-07-26 21:04:53,source,Fry,Fry,1,population_stages,yes
541CAC87-46BC-4BDD-A934-A5632AEC88B4,Benchmark Gen. Desembur 2024,4,24,FE206D1D-C98D-4362-8E19-E18B388E43F3,Benchmark Gen. Desembur 2024,244.0052,Benchmark Gen. Desembur 2024,3A3FC913-CCBD-400F-B2D2-05A696C783B9,D1,D Høll,D,S24 Strond,,Hatchery,S24 Strond,2025-05-26 13:15:26,2025-05-26 13:18:39,2025-05-26 13:18:39,source,Fry,Fry,1,population_stages,yes
546C2139-213A-4AF0-BEAB-3660833BD011,Benchmark Gen. Desembur 2024,4,24,FE206D1D-C98D-4362-8E19-E18B388E43F3,Benchmark Gen. Desembur 2024,244.0164,Benchmark Gen. Desembur 2024,BE5CEE98-7AE2-45AE-8A33-6FC66D026184,E02,E Høll,E,S24 Strond,,Hatchery,S24 Strond,2025-10-21 15:54:06,2025-10-23 12:23:02,2025-10-23 12:23:02,source,Fry,Fry,1,population_stages,yes
54E50348-80DB-499B-9AEA-160C879B59CE,Benchmark Gen. Desembur 2024,4,2024,FE206D1D-C98D-4362-8E19-E18B388E43F3,Benchmark Gen. Desembur 2024,244.0011,Benchmark Gen. Desembur 2024,CED64522-C4F1-4693-9A63-72E65CAB4E61,A10,A Høll,A,S24 Strond,,Hatchery,S24 Strond,2024-12-18 08:52:25,2025-03-05 14:18:34,2025-03-05 14:18:34,source,Egg&Alevin,Egg&Alevin,2,"operation_stage_changes,population_stages",yes
56B1154C-4327-4D01-851F-880062AFB525,Benchmark Gen. Desembur 2024,4,2024,FE206D1D-C98D-4362-8E19-E18B388E43F3,Benchmark Gen. Desembur 2024,244.0033,Benchmark Gen. Desembur 2024,F408CD78-2A80-4977-B950-B63296CD8146,A32,A Høll,A,S24 Strond,,Hatchery,S24 Strond,2024-12-18 08:52:25,2025-03-05 14:18:34,2025-03-05 14:18:34,source,Egg&Alevin,Egg&Alevin,2,"operation_stage_changes,population_stages",yes
573F2F8E-5A0C-40FA-9908-7F142692B472,Benchmark Gen. Desembur 2024,4,24,FE206D1D-C98D-4362-8E19-E18B388E43F3,Benchmark Gen. Desembur 2024,244.0149,Benchmark Gen. Desembur 2024,B1A16E43-5172-44F9-B534-B41C0EFB763D,D6,D Høll,D,S24 Strond,,Hatchery,S24 Strond,2025-05-30 12:02:00,2025-09-24 10:58:04,2025-09-24 10:58:04,source,Fry,Fry,1,population_stages,yes
5CCCE455-5CEE-4609-88EA-9E906FD9205C,Benchmark Gen. Desembur 2024,4,2024,FE206D1D-C98D-4362-8E19-E18B388E43F3,Benchmark Gen. Desembur 2024,244.0020,Benchmark Gen. Desembur 2024,BBDA42EC-28A2-4BE2-BDC9-45B35368BB71,A19,A Høll,A,S24 Strond,,Hatchery,S24 Strond,2024-12-18 08:52:25,2025-03-05 14:18:34,2025-03-05 14:18:34,source,Egg&Alevin,Egg&Alevin,2,"operation_stage_changes,population_stages",yes
5E18CBEB-560C-4F83-ACA7-324833E5BA03,Benchmark Gen. Desembur 2024,4,24,FE206D1D-C98D-4362-8E19-E18B388E43F3,Benchmark Gen. Desembur 2024,244.0191,Benchmark Gen. Desembur 2024,35E67C93-6A2E-4CA1-9307-03EF27A379BA,F04,F Høll,F,S24 Strond,,Hatchery,S24 Strond,2025-11-17 15:49:55,2025-11-18 13:35:27,2025-11-18 13:35:27,source,,,0,,yes
5F25AF4A-19CE-4D4C-963C-C53BB6A27EEF,Benchmark Gen. Desembur 2024,4,24,FE206D1D-C98D-4362-8E19-E18B388E43F3,Benchmark Gen. Desembur 2024,244.0060,Benchmark Gen. Desembur 2024,3A3FC913-CCBD-400F-B2D2-05A696C783B9,D1,D Høll,D,S24 Strond,,Hatchery,S24 Strond,2025-05-26 13:23:26,2025-05-26 13:27:28,2025-05-26 13:27:28,source,Fry,Fry,1,population_stages,yes
609EA2CF-B42F-47E8-90F5-3C0EA6EEFA98,Benchmark Gen. Desembur 2024,4,24,FE206D1D-C98D-4362-8E19-E18B388E43F3,Benchmark Gen. Desembur 2024,244.0047,Benchmark Gen. Desembur 2024,A5D4A0F7-0272-4ECA-94AF-20F8E26EC7DA,B07,B Høll,B,S24 Strond,,Hatchery,S24 Strond,2025-03-05 14:18:34,2025-05-27 10:46:11,2025-05-27 10:46:11,source,Fry,Fry,1,population_stages,yes
61057622-1468-4CD8-9DDB-9F172C744AE0,Benchmark Gen. Desembur 2024,4,24,FE206D1D-C98D-4362-8E19-E18B388E43F3,Benchmark Gen. Desembur 2024,244.0142,Benchmark Gen. Desembur 2024,3A14973C-4A4B-403C-B560-6D84A0C8840C,E04,E Høll,E,S24 Strond,,Hatchery,S24 Strond,2025-08-21 09:12:35,2025-08-22 13:50:43,2025-08-22 13:50:43,source,Fry,Fry,1,population_stages,yes
6279B433-3036-4BAE-83D9-B201F4ED89BC,Benchmark Gen. Desembur 2024,4,24,FE206D1D-C98D-4362-8E19-E18B388E43F3,Benchmark Gen. Desembur 2024,244.0120,Benchmark Gen. Desembur 2024,279C2E24-7E02-4ADC-93DF-9458AFBA4B3F,F05,F Høll,F,S24 Strond,,Hatchery,S24 Strond,2025-07-29 08:01:32,2025-07-31 07:18:50,2025-07-31 07:18:50,source,Fry,Fry,1,population_stages,yes
678758CB-08CF-44B5-8505-A336D778848C,Benchmark Gen. Desembur 2024,4,24,FE206D1D-C98D-4362-8E19-E18B388E43F3,Benchmark Gen. Desembur 2024,244.0200,Benchmark Gen. Desembur 2024,C0D63A28-8E98-47CF-9271-CB58CBA7F240,J1,J Høll,J,S24 Strond,,Hatchery,S24 Strond,2025-12-22 15:52:23,2025-12-23 16:19:50,2025-12-23 16:19:50,source,,,0,,yes
6C57CE3F-4383-4C8F-B5F6-5A32A90A7841,Benchmark Gen. Desembur 2024,4,24,FE206D1D-C98D-4362-8E19-E18B388E43F3,Benchmark Gen. Desembur 2024,244.0170,Benchmark Gen. Desembur 2024,35E67C93-6A2E-4CA1-9307-03EF27A379BA,F04,F Høll,F,S24 Strond,,Hatchery,S24 Strond,2025-10-22 15:32:56,2025-10-23 15:38:05,2025-10-23 15:38:05,source,Fry,Fry,1,population_stages,yes
6D260BE3-B544-4072-83FB-5F5AC0868D93,Benchmark Gen. Desembur 2024,4,2024,FE206D1D-C98D-4362-8E19-E18B388E43F3,Benchmark Gen. Desembur 2024,244.0021,Benchmark Gen. Desembur 2024,CCC8B0B6-1E0E-49C8-8F34-09AFE868CEDB,A20,A Høll,A,S24 Strond,,Hatchery,S24 Strond,2024-12-18 08:52:25,2025-03-05 14:18:34,2025-03-05 14:18:34,source,Egg&Alevin,Egg&Alevin,2,"operation_stage_changes,population_stages",yes
6EF9006D-5A0B-4F5A-82A3-71CEC16D07B4,Benchmark Gen. Desembur 2024,4,24,FE206D1D-C98D-4362-8E19-E18B388E43F3,Benchmark Gen. Desembur 2024,244.0100,Benchmark Gen. Desembur 2024,B1A16E43-5172-44F9-B534-B41C0EFB763D,D6,D Høll,D,S24 Strond,,Hatchery,S24 Strond,2025-09-24 10:58:04,2025-10-16 08:32:07,2025-10-16 08:32:07,source,Fry,Fry,1,population_stages,yes
6FF481E3-7EA8-4892-A56D-93F151BA097D,Benchmark Gen. Desembur 2024,4,24,FE206D1D-C98D-4362-8E19-E18B388E43F3,Benchmark Gen. Desembur 2024,244.0187,Benchmark Gen. Desembur 2024,01CB4CBE-E9C6-4200-8A5F-5F095B388D71,G3,G Høll,G,S24 Strond,,Hatchery,S24 Strond,2025-11-14 14:04:06,2025-11-17 15:49:55,2025-11-17 15:49:55,source,,,0,,yes
72740BDF-7DEA-4428-B437-9E45E7A482A4,Benchmark Gen. Desembur 2024,4,24,FE206D1D-C98D-4362-8E19-E18B388E43F3,Benchmark Gen. Desembur 2024,244.0183,Benchmark Gen. Desembur 2024,35E67C93-6A2E-4CA1-9307-03EF27A379BA,F04,F Høll,F,S24 Strond,,Hatchery,S24 Strond,2025-11-13 08:58:09,2025-11-14 14:04:06,2025-11-14 14:04:06,source,,,0,,yes
74BD8BBB-D9E0-4383-BC3A-B2F58047735E,Benchmark Gen. Desembur 2024,4,24,FE206D1D-C98D-4362-8E19-E18B388E43F3,Benchmark Gen. Desembur 2024,244.0208,Benchmark Gen. Desembur 2024,C0D63A28-8E98-47CF-9271-CB58CBA7F240,J1,J Høll,J,S24 Strond,,Hatchery,S24 Strond,2025-12-29 11:52:46,,2025-12-30 12:09:18,next_group_start,,,0,,yes
757AC1B5-EDF1-45E8-993D-4A25E12531AB,Benchmark Gen. Desembur 2024,4,24,FE206D1D-C98D-4362-8E19-E18B388E43F3,Benchmark Gen. Desembur 2024,244.0041,Benchmark Gen. Desembur 2024,311E8F88-82D1-4AF6-AB78-F1B4AB2BFDE2,B01,B Høll,B,S24 Strond,,Hatchery,S24 Strond,2025-03-05 14:18:34,2025-05-27 13:29:47,2025-05-27 13:29:47,source,Fry,Fry,1,population_stages,yes
77C66770-3A96-4EEA-A555-079FF41DFCA6,Benchmark Gen. Desembur 2024,4,24,FE206D1D-C98D-4362-8E19-E18B388E43F3,Benchmark Gen. Desembur 2024,244.0043,Benchmark Gen. Desembur 2024,61ABDF56-84CD-40D2-B90C-5FF74D9DCDEE,B03,B Høll,B,S24 Strond,,Hatchery,S24 Strond,2025-03-05 14:18:34,2025-05-26 13:27:28,2025-05-26 13:27:28,source,Fry,Fry,1,population_stages,yes
78B2B629-B218-4AD8-8B97-618AAC703456,Benchmark Gen. Desembur 2024,4,24,FE206D1D-C98D-4362-8E19-E18B388E43F3,Benchmark Gen. Desembur 2024,244.0114,Benchmark Gen. Desembur 2024,BA4588C4-3B18-4A83-A265-A96CC5D746AB,C3,C Høll,C,S24 Strond,,Hatchery,S24 Strond,2025-07-25 13:59:41,2025-07-26 21:04:53,2025-07-26 21:04:53,source,Fry,Fry,1,population_stages,yes
7AEA9D10-F718-4811-AD5B-86E0FC434C9D,Benchmark Gen. Desembur 2024,4,2024,FE206D1D-C98D-4362-8E19-E18B388E43F3,Benchmark Gen. Desembur 2024,244.0029,Benchmark Gen. Desembur 2024,3B9F8782-B256-4DC1-8296-0117B8961309,A28,A Høll,A,S24 Strond,,Hatchery,S24 Strond,2024-12-18 08:52:25,2025-03-05 14:18:34,2025-03-05 14:18:34,source,Egg&Alevin,Egg&Alevin,2,"operation_stage_changes,population_stages",yes
7C5DE98D-CF85-44FE-9194-5DBB36A6A003,Benchmark Gen. Desembur 2024,4,24,FE206D1D-C98D-4362-8E19-E18B388E43F3,Benchmark Gen. Desembur 2024,244.0082,Benchmark Gen. Desembur 2024,444DC0D7-61FE-401D-85DB-9E7F3C9EA23B,B12,B Høll,B,S24 Strond,,Hatchery,S24 Strond,2025-03-05 14:18:34,2025-05-27 10:50:01,2025-05-27 10:50:01,source,Fry,Fry,1,population_stages,yes
7CB68D2D-AE06-4940-BF68-EDAAF43EAD09,Benchmark Gen. Desembur 2024,4,2024,FE206D1D-C98D-4362-8E19-E18B388E43F3,Benchmark Gen. Desembur 2024,244.0030,Benchmark Gen. Desembur 2024,02B2D9C1-443B-4F65-B254-C7AD805BBB5D,A29,A Høll,A,S24 Strond,,Hatchery,S24 Strond,2024-12-18 08:52:25,2025-03-05 14:18:34,2025-03-05 14:18:34,source,Egg&Alevin,Egg&Alevin,2,"operation_stage_changes,population_stages",yes
7CFE2C5B-93C1-47C2-84F0-80C43DDA5F6A,Benchmark Gen. Desembur 2024,4,2024,FE206D1D-C98D-4362-8E19-E18B388E43F3,Benchmark Gen. Desembur 2024,244.0004,Benchmark Gen. Desembur 2024,AB02571B-27A0-4796-A2BE-0366F3E89887,A03,A Høll,A,S24 Strond,,Hatchery,S24 Strond,2024-12-18 08:52:25,2025-03-05 14:18:34,2025-03-05 14:18:34,source,Egg&Alevin,Egg&Alevin,2,"operation_stage_changes,population_stages",yes
7D055D54-7420-438A-A477-368C1FFDEEB6,Benchmark Gen. Desembur 2024,4,24,FE206D1D-C98D-4362-8E19-E18B388E43F3,Benchmark Gen. Desembur 2024,244.0158,Benchmark Gen. Desembur 2024,830F20C4-7EB8-47B1-A075-E6201AFEFF45,C7,C Høll,C,S24 Strond,,Hatchery,S24 Strond,2025-10-02 14:41:19,2025-10-24 15:10:48,2025-10-24 15:10:48,source,Fry,Fry,1,population_stages,yes
7D8022C4-F7C2-48E8-87B7-B355668FF6FA,Benchmark Gen. Desembur 2024,4,2024,FE206D1D-C98D-4362-8E19-E18B388E43F3,Benchmark Gen. Desembur 2024,244.0024,Benchmark Gen. Desembur 2024,5B90B64D-7520-4729-B56C-23B6B25DB3C5,A23,A Høll,A,S24 Strond,,Hatchery,S24 Strond,2024-12-18 08:52:25,2025-03-05 14:18:34,2025-03-05 14:18:34,source,Egg&Alevin,Egg&Alevin,2,"operation_stage_changes,population_stages",yes
804C5D52-A991-4ECB-81BA-AB743B3935A2,Benchmark Gen. Desembur 2024,4,24,FE206D1D-C98D-4362-8E19-E18B388E43F3,Benchmark Gen. Desembur 2024,244.0106,Benchmark Gen. Desembur 2024,830F20C4-7EB8-47B1-A075-E6201AFEFF45,C7,C Høll,C,S24 Strond,,Hatchery,S24 Strond,2025-07-15 13:19:35,2025-07-17 15:10:46,2025-07-17 15:10:46,source,Fry,Fry,1,population_stages,yes
80EDC892-0095-45D8-862E-ED5C125A1890,Benchmark Gen. Desembur 2024,4,24,FE206D1D-C98D-4362-8E19-E18B388E43F3,Benchmark Gen. Desembur 2024,244.0091,Benchmark Gen. Desembur 2024,37DA2A99-667D-4228-8405-BFD2773F9E3E,B05,B Høll,B,S24 Strond,,Hatchery,S24 Strond,2025-03-05 14:18:34,2025-05-28 13:13:29,2025-05-28 13:13:29,source,Fry,Fry,1,population_stages,yes
819A1CD5-A8C0-4725-BC43-FF76A616289A,Benchmark Gen. Desembur 2024,4,2024,FE206D1D-C98D-4362-8E19-E18B388E43F3,Benchmark Gen. Desembur 2024,244.0035,Benchmark Gen. Desembur 2024,DA511E40-0763-470C-9031-1AF3D346527D,A34,A Høll,A,S24 Strond,,Hatchery,S24 Strond,2024-12-18 08:52:25,2025-03-05 14:18:34,2025-03-05 14:18:34,source,Egg&Alevin,Egg&Alevin,2,"operation_stage_changes,population_stages",yes
81DEC052-341D-4D95-906F-E2D21886C0F6,Benchmark Gen. Desembur 2024,4,24,FE206D1D-C98D-4362-8E19-E18B388E43F3,Benchmark Gen. Desembur 2024,244.0143,Benchmark Gen. Desembur 2024,7A0A32F7-54F0-4584-A846-3F09436A206E,E05,E Høll,E,S24 Strond,,Hatchery,S24 Strond,2025-08-21 09:12:35,2025-08-22 13:50:43,2025-08-22 13:50:43,source,Fry,Fry,1,population_stages,yes
827330D1-9CEF-45DF-9762-84415C91857E,Benchmark Gen. Desembur 2024,4,24,FE206D1D-C98D-4362-8E19-E18B388E43F3,Benchmark Gen. Desembur 2024,244.0049,Benchmark Gen. Desembur 2024,3F6C9B79-6D9B-4079-81B0-8C3D19BF7291,B09,B Høll,B,S24 Strond,,Hatchery,S24 Strond,2025-03-05 14:18:34,2025-05-26 13:18:39,2025-05-26 13:18:39,source,Fry,Fry,1,population_stages,yes
86EA94F7-30C1-4E66-9A02-9C25B342A80A,Benchmark Gen. Desembur 2024,4,24,FE206D1D-C98D-4362-8E19-E18B388E43F3,Benchmark Gen. Desembur 2024,244.0206,Benchmark Gen. Desembur 2024,A3E66323-A9A1-4C9A-9A0D-3088BA90D8BE,J3,J Høll,J,S24 Strond,,Hatchery,S24 Strond,2025-12-29 11:52:46,2025-12-30 12:09:18,2025-12-30 12:09:18,source,,,0,,yes
8809FB02-E35B-453B-9263-B82340CAC497,Benchmark Gen. Desembur 2024,4,24,FE206D1D-C98D-4362-8E19-E18B388E43F3,Benchmark Gen. Desembur 2024,244.0059,Benchmark Gen. Desembur 2024,F92CF1C1-AC26-416A-88A8-02D16F25E265,D3,D Høll,D,S24 Strond,,Hatchery,S24 Strond,2025-05-26 13:18:39,2025-05-26 13:23:26,2025-05-26 13:23:26,source,Fry,Fry,1,population_stages,yes
88C8D684-4710-4277-97D0-4FD43C959897,Benchmark Gen. Desembur 2024,4,24,FE206D1D-C98D-4362-8E19-E18B388E43F3,Benchmark Gen. Desembur 2024,244.0079,Benchmark Gen. Desembur 2024,90E4BD9B-3BDF-4542-AD4C-61A4C75947DC,D8,D Høll,D,S24 Strond,,Hatchery,S24 Strond,2025-05-27 10:48:05,2025-05-27 10:50:01,2025-05-27 10:50:01,source,Fry,Fry,1,population_stages,yes
88F8AFBC-CC29-4BA0-8037-7B92EB49F3D4,Benchmark Gen. Desembur 2024,4,24,FE206D1D-C98D-4362-8E19-E18B388E43F3,Benchmark Gen. Desembur 2024,244.0078,Benchmark Gen. Desembur 2024,8D5DB84A-B65C-4AAC-A922-B124C557AD93,D7,D Høll,D,S24 Strond,,Hatchery,S24 Strond,2025-05-27 10:48:05,2025-05-27 10:50:01,2025-05-27 10:50:01,source,Fry,Fry,1,population_stages,yes
89B52F46-2B74-4634-BF79-2DC4CC6D2C81,Benchmark Gen. Desembur 2024,4,2024,FE206D1D-C98D-4362-8E19-E18B388E43F3,Benchmark Gen. Desembur 2024,244.0006,Benchmark Gen. Desembur 2024,89793FDC-D735-41E8-8FD4-2FE6AAF2F0C6,A05,A Høll,A,S24 Strond,,Hatchery,S24 Strond,2024-12-18 08:52:25,2025-03-05 14:18:34,2025-03-05 14:18:34,source,Egg&Alevin,Egg&Alevin,2,"operation_stage_changes,population_stages",yes
8ABF7E67-3E3D-4761-AE47-7017B6C1112E,Benchmark Gen. Desembur 2024,4,2024,FE206D1D-C98D-4362-8E19-E18B388E43F3,Benchmark Gen. Desembur 2024,244.0023,Benchmark Gen. Desembur 2024,134FAC9D-2CED-4773-A930-EEF7285B15A5,A22,A Høll,A,S24 Strond,,Hatchery,S24 Strond,2024-12-18 08:52:25,2025-03-05 14:18:34,2025-03-05 14:18:34,source,Egg&Alevin,Egg&Alevin,2,"operation_stage_changes,population_stages",yes
8E163F03-41F5-478E-9081-492D5EE7BD15,Benchmark Gen. Desembur 2024,4,2024,FE206D1D-C98D-4362-8E19-E18B388E43F3,Benchmark Gen. Desembur 2024,244.0026,Benchmark Gen. Desembur 2024,3B54B00E-BD8F-4584-85D3-3B40CF5E35E0,A25,A Høll,A,S24 Strond,,Hatchery,S24 Strond,2024-12-18 08:52:25,2025-03-05 14:18:34,2025-03-05 14:18:34,source,Egg&Alevin,Egg&Alevin,2,"operation_stage_changes,population_stages",yes
8E34C366-DEBD-4BAF-9013-C675A3E2D3B6,Benchmark Gen. Desembur 2024,4,24,FE206D1D-C98D-4362-8E19-E18B388E43F3,Benchmark Gen. Desembur 2024,244.0163,Benchmark Gen. Desembur 2024,B70AA132-33BD-4A0C-A98E-A85AEB17232F,E06,E Høll,E,S24 Strond,,Hatchery,S24 Strond,2025-10-16 08:32:07,2025-12-22 15:52:23,2025-12-22 15:52:23,source,Fry,Fry,1,population_stages,yes
8F992898-72C8-4916-896D-F47C59562D08,Benchmark Gen. Desembur 2024,4,24,FE206D1D-C98D-4362-8E19-E18B388E43F3,Benchmark Gen. Desembur 2024,244.0068,Benchmark Gen. Desembur 2024,F92CF1C1-AC26-416A-88A8-02D16F25E265,D3,D Høll,D,S24 Strond,,Hatchery,S24 Strond,2025-05-26 13:27:28,2025-05-27 10:46:11,2025-05-27 10:46:11,source,Fry,Fry,1,population_stages,yes
90635659-9777-4BDA-9BAF-D512D6088202,Benchmark Gen. Desembur 2024,4,24,FE206D1D-C98D-4362-8E19-E18B388E43F3,Benchmark Gen. Desembur 2024,244.0188,Benchmark Gen. Desembur 2024,35E67C93-6A2E-4CA1-9307-03EF27A379BA,F04,F Høll,F,S24 Strond,,Hatchery,S24 Strond,2025-11-14 14:04:06,2025-11-17 15:49:55,2025-11-17 15:49:55,source,,,0,,yes
90664D93-D3BA-4CFE-842D-F6D7E7F8525C,Benchmark Gen. Desembur 2024,4,24,FE206D1D-C98D-4362-8E19-E18B388E43F3,Benchmark Gen. Desembur 2024,244.0119,Benchmark Gen. Desembur 2024,C4499F00-8E16-45BC-9F5E-8C906481D404,E01,E Høll,E,S24 Strond,,Hatchery,S24 Strond,2025-07-26 21:04:53,2025-07-29 08:01:32,2025-07-29 08:01:32,source,Fry,Fry,1,population_stages,yes
91C12F47-DD94-4CC7-90B8-271188D51453,Benchmark Gen. Desembur 2024,4,24,FE206D1D-C98D-4362-8E19-E18B388E43F3,Benchmark Gen. Desembur 2024,244.0063,Benchmark Gen. Desembur 2024,B1A16E43-5172-44F9-B534-B41C0EFB763D,D6,D Høll,D,S24 Strond,,Hatchery,S24 Strond,2025-05-26 13:23:26,2025-05-30 12:02:00,2025-05-30 12:02:00,source,Fry,Fry,1,population_stages,yes
934F2B9E-E283-4FE3-946F-E93D83456CAF,Benchmark Gen. Desembur 2024,4,24,FE206D1D-C98D-4362-8E19-E18B388E43F3,Benchmark Gen. Desembur 2024,244.0042,Benchmark Gen. Desembur 2024,9D84E007-7A38-4D72-AB81-1A6FC6968BB7,B02,B Høll,B,S24 Strond,,Hatchery,S24 Strond,2025-03-05 14:18:34,2025-05-28 15:28:31,2025-05-28 15:28:31,source,Fry,Fry,1,population_stages,yes
9363C8A8-2678-4556-B1F0-487C755EF553,Benchmark Gen. Desembur 2024,4,24,FE206D1D-C98D-4362-8E19-E18B388E43F3,Benchmark Gen. Desembur 2024,244.0107,Benchmark Gen. Desembur 2024,FDEAE661-F3DB-4CBA-8C4B-1274E452EA86,C1,C Høll,C,S24 Strond,,Hatchery,S24 Strond,2025-07-15 13:19:35,2025-07-17 15:10:46,2025-07-17 15:10:46,source,Fry,Fry,1,population_stages,yes
93BF3D3B-5378-4563-8723-260517378B54,Benchmark Gen. Desembur 2024,4,24,FE206D1D-C98D-4362-8E19-E18B388E43F3,Benchmark Gen. Desembur 2024,244.0115,Benchmark Gen. Desembur 2024,C4499F00-8E16-45BC-9F5E-8C906481D404,E01,E Høll,E,S24 Strond,,Hatchery,S24 Strond,2025-07-25 13:59:41,2025-07-26 21:04:53,2025-07-26 21:04:53,source,Fry,Fry,1,population_stages,yes
93E7874A-6F70-4F91-B509-AD6C4BD0A7F9,Benchmark Gen. Desembur 2024,4,2024,FE206D1D-C98D-4362-8E19-E18B388E43F3,Benchmark Gen. Desembur 2024,244.0031,Benchmark Gen. Desembur 2024,8F72EC04-FC2E-4CEA-B9B2-BE4168D1592C,A30,A Høll,A,S24 Strond,,Hatchery,S24 Strond,2024-12-18 08:52:25,2025-03-05 14:18:34,2025-03-05 14:18:34,source,Egg&Alevin,Egg&Alevin,2,"operation_stage_changes,population_stages",yes
949E66D4-3B60-4DE7-AB55-C1EECF2D46AE,Benchmark Gen. Desembur 2024,4,2024,FE206D1D-C98D-4362-8E19-E18B388E43F3,Benchmark Gen. Desembur 2024,244.0005,Benchmark Gen. Desembur 2024,3955445C-9D21-4F73-B6D6-C0FB5A22D17D,A04,A Høll,A,S24 Strond,,Hatchery,S24 Strond,2024-12-18 08:52:25,2025-03-05 14:18:34,2025-03-05 14:18:34,source,Egg&Alevin,Egg&Alevin,2,"operation_stage_changes,population_stages",yes
94AD1B24-52A1-464B-8A05-5A2D54998B86,Benchmark Gen. Desembur 2024,4,24,FE206D1D-C98D-4362-8E19-E18B388E43F3,Benchmark Gen. Desembur 2024,244.0211,Benchmark Gen. Desembur 2024,A3E66323-A9A1-4C9A-9A0D-3088BA90D8BE,J3,J Høll,J,S24 Strond,,Hatchery,S24 Strond,2025-12-30 12:09:18,,2026-01-13 10:52:08,next_group_start,,,0,,yes
96917422-CB67-4BBF-ADAF-5CCAF0FC415E,Benchmark Gen. Desembur 2024,4,2024,FE206D1D-C98D-4362-8E19-E18B388E43F3,Benchmark Gen. Desembur 2024,244.0012,Benchmark Gen. Desembur 2024,154AEC92-B672-48BB-9FCC-363C6B93C1BC,A11,A Høll,A,S24 Strond,,Hatchery,S24 Strond,2024-12-18 08:52:25,2025-03-05 14:18:34,2025-03-05 14:18:34,source,Egg&Alevin,Egg&Alevin,2,"operation_stage_changes,population_stages",yes
96D08117-4F97-4789-97D9-7E68B42E80C4,Benchmark Gen. Desembur 2024,4,2024,FE206D1D-C98D-4362-8E19-E18B388E43F3,Benchmark Gen. Desembur 2024,244.0038,Benchmark Gen. Desembur 2024,E87D270B-10F9-4652-9778-A091C3F51010,A37,A Høll,A,S24 Strond,,Hatchery,S24 Strond,2024-12-18 08:52:25,2025-03-05 14:18:34,2025-03-05 14:18:34,source,Egg&Alevin,Egg&Alevin,2,"operation_stage_changes,population_stages",yes
972321A9-8AC8-40EB-ADF6-2B28E4EE66C2,Benchmark Gen. Desembur 2024,4,24,FE206D1D-C98D-4362-8E19-E18B388E43F3,Benchmark Gen. Desembur 2024,244.0219,Benchmark Gen. Desembur 2024,59E1DAC8-9F21-4ADB-9161-DD5350184421,I2,I Høll,I,S24 Strond,,Hatchery,S24 Strond,2026-01-16 15:31:00,,,source,,,0,,yes
9815285A-54D9-4141-A00D-5720CA2530AC,Benchmark Gen. Desembur 2024,4,24,FE206D1D-C98D-4362-8E19-E18B388E43F3,Benchmark Gen. Desembur 2024,244.0203,Benchmark Gen. Desembur 2024,BE5CEE98-7AE2-45AE-8A33-6FC66D026184,E02,E Høll,E,S24 Strond,,Hatchery,S24 Strond,2025-12-23 16:19:50,2025-12-29 11:52:46,2025-12-29 11:52:46,source,,,0,,yes
99004140-3B6B-41D6-9388-E744A3B551AC,Benchmark Gen. Desembur 2024,4,2024,FE206D1D-C98D-4362-8E19-E18B388E43F3,Benchmark Gen. Desembur 2024,244.0028,Benchmark Gen. Desembur 2024,6CB1DEE3-B6F4-4A53-AB89-8FD106FDE388,A27,A Høll,A,S24 Strond,,Hatchery,S24 Strond,2024-12-18 08:52:25,2025-03-05 14:18:34,2025-03-05 14:18:34,source,Egg&Alevin,Egg&Alevin,2,"operation_stage_changes,population_stages",yes
9A0D562C-F437-4F98-86A3-685B27D1C9E0,Benchmark Gen. Desembur 2024,4,24,FE206D1D-C98D-4362-8E19-E18B388E43F3,Benchmark Gen. Desembur 2024,244.0146,Benchmark Gen. Desembur 2024,3A14973C-4A4B-403C-B560-6D84A0C8840C,E04,E Høll,E,S24 Strond,,Hatchery,S24 Strond,2025-08-22 13:50:43,2025-10-23 15:38:05,2025-10-23 15:38:05,source,Fry,Fry,1,population_stages,yes
9A149E7A-5E54-4331-BC96-373EE33514CA,Benchmark Gen. Desembur 2024,4,24,FE206D1D-C98D-4362-8E19-E18B388E43F3,Benchmark Gen. Desembur 2024,244.0109,Benchmark Gen. Desembur 2024,4626FC19-F0F1-48BA-B7E3-19F399BE44BC,C2,C Høll,C,S24 Strond,,Hatchery,S24 Strond,2025-07-17 15:10:46,2025-08-12 13:18:12,2025-08-12 13:18:12,source,Fry,Fry,1,population_stages,yes
9A668C88-4424-4441-B5E4-9A38A8702276,Benchmark Gen. Desembur 2024,4,24,FE206D1D-C98D-4362-8E19-E18B388E43F3,Benchmark Gen. Desembur 2024,244.0155,Benchmark Gen. Desembur 2024,830F20C4-7EB8-47B1-A075-E6201AFEFF45,C7,C Høll,C,S24 Strond,,Hatchery,S24 Strond,2025-09-30 14:32:55,2025-10-01 14:38:53,2025-10-01 14:38:53,source,Fry,Fry,1,population_stages,yes
9BA9BF6A-C260-4AA3-BFFE-9175F40B14F7,Benchmark Gen. Desembur 2024,4,24,FE206D1D-C98D-4362-8E19-E18B388E43F3,Benchmark Gen. Desembur 2024,244.0140,Benchmark Gen. Desembur 2024,830F20C4-7EB8-47B1-A075-E6201AFEFF45,C7,C Høll,C,S24 Strond,,Hatchery,S24 Strond,2025-08-19 15:20:49,2025-08-21 09:12:35,2025-08-21 09:12:35,source,Fry,Fry,1,population_stages,yes
9BBA60FB-1A4A-40BE-93A6-69E61469B62A,Benchmark Gen. Desembur 2024,4,24,FE206D1D-C98D-4362-8E19-E18B388E43F3,Benchmark Gen. Desembur 2024,244.0074,Benchmark Gen. Desembur 2024,4626FC19-F0F1-48BA-B7E3-19F399BE44BC,C2,C Høll,C,S24 Strond,,Hatchery,S24 Strond,2025-05-27 10:46:11,2025-05-27 13:29:47,2025-05-27 13:29:47,source,Fry,Fry,1,population_stages,yes
9C157A10-0001-4EF9-92C4-1CCAC82C244E,Benchmark Gen. Desembur 2024,4,24,FE206D1D-C98D-4362-8E19-E18B388E43F3,Benchmark Gen. Desembur 2024,244.0162,Benchmark Gen. Desembur 2024,CDD6125F-9D9C-45AB-B777-D73DF74D9200,F01,F Høll,F,S24 Strond,,Hatchery,S24 Strond,2025-10-02 14:41:19,2025-12-23 16:19:50,2025-12-23 16:19:50,source,Fry,Fry,1,population_stages,yes
9F254EFF-2E0A-458D-A4AA-1A17C38EA7CC,Benchmark Gen. Desembur 2024,4,24,FE206D1D-C98D-4362-8E19-E18B388E43F3,Benchmark Gen. Desembur 2024,244.0177,Benchmark Gen. Desembur 2024,D581DCDB-5F4F-4423-A6D1-3E872E1E9C2E,H4,H Høll,H,S24 Strond,,Hatchery,S24 Strond,2025-10-23 15:38:05,2025-10-28 08:45:58,2025-10-28 08:45:58,source,Fry,Fry,1,population_stages,yes
A0E6CD66-F8F0-44FC-8611-03BB5D7D691D,Benchmark Gen. Desembur 2024,4,24,FE206D1D-C98D-4362-8E19-E18B388E43F3,Benchmark Gen. Desembur 2024,244.0132,Benchmark Gen. Desembur 2024,C4499F00-8E16-45BC-9F5E-8C906481D404,E01,E Høll,E,S24 Strond,,Hatchery,S24 Strond,2025-08-01 15:44:46,2025-10-28 08:45:58,2025-10-28 08:45:58,source,Fry,Fry,1,population_stages,yes
A1375A5F-8C1E-48BC-B8C7-CE6842AA40D6,Benchmark Gen. Desembur 2024,4,24,FE206D1D-C98D-4362-8E19-E18B388E43F3,Benchmark Gen. Desembur 2024,244.0157,Benchmark Gen. Desembur 2024,27FE2A3D-FF89-4F00-8D2C-C4B6AD5C65ED,C6,C Høll,C,S24 Strond,,Hatchery,S24 Strond,2025-07-17 15:10:46,2025-10-01 14:38:53,2025-10-01 14:38:53,source,Fry,Fry,1,population_stages,yes
A4299700-B0F7-4289-A8EB-95D2E46325F6,Benchmark Gen. Desembur 2024,4,24,FE206D1D-C98D-4362-8E19-E18B388E43F3,Benchmark Gen. Desembur 2024,244.0058,Benchmark Gen. Desembur 2024,B1A16E43-5172-44F9-B534-B41C0EFB763D,D6,D Høll,D,S24 Strond,,Hatchery,S24 Strond,2025-05-26 13:18:39,2025-05-26 13:23:26,2025-05-26 13:23:26,source,Fry,Fry,1,population_stages,yes
A4FAEA76-C7F3-48B7-900E-2AE63CDB9AD9,Benchmark Gen. Desembur 2024,4,24,FE206D1D-C98D-4362-8E19-E18B388E43F3,Benchmark Gen. Desembur 2024,244.0199,Benchmark Gen. Desembur 2024,BE5CEE98-7AE2-45AE-8A33-6FC66D026184,E02,E Høll,E,S24 Strond,,Hatchery,S24 Strond,2025-12-22 15:52:23,2025-12-23 16:19:50,2025-12-23 16:19:50,source,,,0,,yes
A52B77C0-567C-4EA1-9FD5-10F101CFC593,Benchmark Gen. Desembur 2024,4,24,FE206D1D-C98D-4362-8E19-E18B388E43F3,Benchmark Gen. Desembur 2024,244.0195,Benchmark Gen. Desembur 2024,35E67C93-6A2E-4CA1-9307-03EF27A379BA,F04,F Høll,F,S24 Strond,,Hatchery,S24 Strond,2025-11-18 13:35:27,2026-01-13 10:52:08,2026-01-13 10:52:08,source,,,0,,yes
A580CF82-C923-4241-B934-4E3331C75631,Benchmark Gen. Desembur 2024,4,24,FE206D1D-C98D-4362-8E19-E18B388E43F3,Benchmark Gen. Desembur 2024,244.0122,Benchmark Gen. Desembur 2024,BA4588C4-3B18-4A83-A265-A96CC5D746AB,C3,C Høll,C,S24 Strond,,Hatchery,S24 Strond,2025-07-29 08:01:32,2025-07-31 07:18:50,2025-07-31 07:18:50,source,Fry,Fry,1,population_stages,yes
A80E2B29-AACD-42FE-A50E-4A5446CCF347,Benchmark Gen. Desembur 2024,4,24,FE206D1D-C98D-4362-8E19-E18B388E43F3,Benchmark Gen. Desembur 2024,244.0090,Benchmark Gen. Desembur 2024,90E4BD9B-3BDF-4542-AD4C-61A4C75947DC,D8,D Høll,D,S24 Strond,,Hatchery,S24 Strond,2025-05-28 13:13:29,2025-05-28 15:28:31,2025-05-28 15:28:31,source,Fry,Fry,1,population_stages,yes
A8AF5595-F89E-4853-8356-6DFF8B3562E5,Benchmark Gen. Desembur 2024,4,24,FE206D1D-C98D-4362-8E19-E18B388E43F3,Benchmark Gen. Desembur 2024,244.0176,Benchmark Gen. Desembur 2024,64D0225A-59C0-424E-96CC-8A2674E5D6E5,H2,H Høll,H,S24 Strond,,Hatchery,S24 Strond,2025-10-23 15:38:05,,2025-10-24 15:10:48,next_group_start,Fry,Fry,1,population_stages,yes
A8FF604C-1699-41A9-8A5E-25051D5E0454,Benchmark Gen. Desembur 2024,4,24,FE206D1D-C98D-4362-8E19-E18B388E43F3,Benchmark Gen. Desembur 2024,244.0087,Benchmark Gen. Desembur 2024,FDEAE661-F3DB-4CBA-8C4B-1274E452EA86,C1,C Høll,C,S24 Strond,,Hatchery,S24 Strond,2025-05-27 10:50:01,2025-05-28 13:10:37,2025-05-28 13:10:37,source,Fry,Fry,1,population_stages,yes
AD44D679-0AE1-40E8-9F20-A5DB23C31CC8,Benchmark Gen. Desembur 2024,4,24,FE206D1D-C98D-4362-8E19-E18B388E43F3,Benchmark Gen. Desembur 2024,244.0048,Benchmark Gen. Desembur 2024,FF4CDBF9-FC18-4C1F-ABDA-132246AF24E3,B08,B Høll,B,S24 Strond,,Hatchery,S24 Strond,2025-03-05 14:18:34,2025-05-26 13:23:26,2025-05-26 13:23:26,source,Fry,Fry,1,population_stages,yes
ADA6D9EC-81A4-4461-AE26-46804D484C9F,Benchmark Gen. Desembur 2024,4,2024,FE206D1D-C98D-4362-8E19-E18B388E43F3,Benchmark Gen. Desembur 2024,244.0015,Benchmark Gen. Desembur 2024,C8A120F2-9E76-443A-B805-513B3394843B,A14,A Høll,A,S24 Strond,,Hatchery,S24 Strond,2024-12-18 08:52:25,2025-03-05 14:18:34,2025-03-05 14:18:34,source,Egg&Alevin,Egg&Alevin,2,"operation_stage_changes,population_stages",yes
AE86B010-B416-482B-87DF-53267A53A3A8,Benchmark Gen. Desembur 2024,4,2024,FE206D1D-C98D-4362-8E19-E18B388E43F3,Benchmark Gen. Desembur 2024,244.0034,Benchmark Gen. Desembur 2024,15A7272F-4071-4809-9E5E-D9AC3E43EF6F,A33,A Høll,A,S24 Strond,,Hatchery,S24 Strond,2024-12-18 08:52:25,2025-03-05 14:18:34,2025-03-05 14:18:34,source,Egg&Alevin,Egg&Alevin,2,"operation_stage_changes,population_stages",yes
AF1CB9C4-C3A0-4C6D-814A-1C756660245F,Benchmark Gen. Desembur 2024,4,24,FE206D1D-C98D-4362-8E19-E18B388E43F3,Benchmark Gen. Desembur 2024,244.0123,Benchmark Gen. Desembur 2024,C4499F00-8E16-45BC-9F5E-8C906481D404,E01,E Høll,E,S24 Strond,,Hatchery,S24 Strond,2025-07-29 08:01:32,2025-07-31 07:18:50,2025-07-31 07:18:50,source,Fry,Fry,1,population_stages,yes
AF43BAF1-9EB8-41FB-870F-D935D7ACEBA6,Benchmark Gen. Desembur 2024,4,24,FE206D1D-C98D-4362-8E19-E18B388E43F3,Benchmark Gen. Desembur 2024,244.0094,Benchmark Gen. Desembur 2024,FDEAE661-F3DB-4CBA-8C4B-1274E452EA86,C1,C Høll,C,S24 Strond,,Hatchery,S24 Strond,2025-05-28 13:13:29,2025-05-28 15:28:31,2025-05-28 15:28:31,source,Fry,Fry,1,population_stages,yes
B0046437-8D89-4B5C-A3E2-8F9726EFDEED,Benchmark Gen. Desembur 2024,4,24,FE206D1D-C98D-4362-8E19-E18B388E43F3,Benchmark Gen. Desembur 2024,244.0139,Benchmark Gen. Desembur 2024,7A0A32F7-54F0-4584-A846-3F09436A206E,E05,E Høll,E,S24 Strond,,Hatchery,S24 Strond,2025-08-19 15:20:49,2025-08-21 09:12:35,2025-08-21 09:12:35,source,Fry,Fry,1,population_stages,yes
B12015E4-63D8-4A14-9460-336B07618492,Benchmark Gen. Desembur 2024,4,24,FE206D1D-C98D-4362-8E19-E18B388E43F3,Benchmark Gen. Desembur 2024,244.0085,Benchmark Gen. Desembur 2024,D751B03C-1EA5-47F0-A98D-EAC6DA9D0494,D4,D Høll,D,S24 Strond,,Hatchery,S24 Strond,2025-05-27 10:50:01,2025-05-28 13:10:37,2025-05-28 13:10:37,source,Fry,Fry,1,population_stages,yes
B1F727A6-533B-4D6E-93A1-140F6A551180,Benchmark Gen. Desembur 2024,4,24,FE206D1D-C98D-4362-8E19-E18B388E43F3,Benchmark Gen. Desembur 2024,244.0062,Benchmark Gen. Desembur 2024,AD0AD03C-8207-437A-9DC7-152DBC77CAFA,D5,D Høll,D,S24 Strond,,Hatchery,S24 Strond,2025-05-26 13:23:26,2025-05-26 13:27:28,2025-05-26 13:27:28,source,Fry,Fry,1,population_stages,yes
B2268464-E947-45FB-BA98-5FD2BA95CE21,Benchmark Gen. Desembur 2024,4,24,FE206D1D-C98D-4362-8E19-E18B388E43F3,Benchmark Gen. Desembur 2024,244.0129,Benchmark Gen. Desembur 2024,279C2E24-7E02-4ADC-93DF-9458AFBA4B3F,F05,F Høll,F,S24 Strond,,Hatchery,S24 Strond,2025-08-01 15:44:46,2025-11-17 15:49:55,2025-11-17 15:49:55,source,Fry,Fry,1,population_stages,yes
B3B1AE31-90D1-4D0A-B421-A819047BDB9E,Benchmark Gen. Desembur 2024,4,2024,FE206D1D-C98D-4362-8E19-E18B388E43F3,Benchmark Gen. Desembur 2024,244.0037,Benchmark Gen. Desembur 2024,60FFBBD9-26AA-42DC-A7CC-CB347D1EE69E,A36,A Høll,A,S24 Strond,,Hatchery,S24 Strond,2024-12-18 08:52:25,2025-03-05 14:18:34,2025-03-05 14:18:34,source,Egg&Alevin,Egg&Alevin,2,"operation_stage_changes,population_stages",yes
B575E09E-4AB6-4ACB-9A53-EEEB76CCF23F,Benchmark Gen. Desembur 2024,4,24,FE206D1D-C98D-4362-8E19-E18B388E43F3,Benchmark Gen. Desembur 2024,244.0185,Benchmark Gen. Desembur 2024,657402E3-3500-466C-86D5-DC1C767A3A70,G2,G Høll,G,S24 Strond,,Hatchery,S24 Strond,2025-11-13 08:58:09,2025-11-14 14:04:06,2025-11-14 14:04:06,source,,,0,,yes
B7510BD6-D611-43B5-873E-313261DB60AA,Benchmark Gen. Desembur 2024,4,24,FE206D1D-C98D-4362-8E19-E18B388E43F3,Benchmark Gen. Desembur 2024,244.0135,Benchmark Gen. Desembur 2024,7A0A32F7-54F0-4584-A846-3F09436A206E,E05,E Høll,E,S24 Strond,,Hatchery,S24 Strond,2025-08-15 15:50:02,2025-08-19 15:20:49,2025-08-19 15:20:49,source,Fry,Fry,1,population_stages,yes
BBC7B2A6-3C45-4D32-820B-9D8AA12EF9B3,Benchmark Gen. Desembur 2024,4,24,FE206D1D-C98D-4362-8E19-E18B388E43F3,Benchmark Gen. Desembur 2024,244.0214,Benchmark Gen. Desembur 2024,6D5F9BAE-166A-4A37-B5FD-42565AFA9256,I1,I Høll,I,S24 Strond,,Hatchery,S24 Strond,2026-01-13 10:52:08,2026-01-14 10:58:16,2026-01-14 10:58:16,source,,,0,,yes
BC310116-4E48-4BFB-AAA4-A205ECCF9D49,Benchmark Gen. Desembur 2024,4,2024,FE206D1D-C98D-4362-8E19-E18B388E43F3,Benchmark Gen. Desembur 2024,244.0003,Benchmark Gen. Desembur 2024,F1CC0130-0E60-4463-AA10-4EBE77EFCA0F,A02,A Høll,A,S24 Strond,,Hatchery,S24 Strond,2024-12-18 08:52:25,2025-03-05 14:18:34,2025-03-05 14:18:34,source,Egg&Alevin,Egg&Alevin,2,"operation_stage_changes,population_stages",yes
BCB3E64A-6B59-4CEF-B434-B684DA90FCFF,Benchmark Gen. Desembur 2024,4,24,FE206D1D-C98D-4362-8E19-E18B388E43F3,Benchmark Gen. Desembur 2024,244.0174,Benchmark Gen. Desembur 2024,35E67C93-6A2E-4CA1-9307-03EF27A379BA,F04,F Høll,F,S24 Strond,,Hatchery,S24 Strond,2025-10-23 15:38:05,2025-10-28 08:45:58,2025-10-28 08:45:58,source,Fry,Fry,1,population_stages,yes
BCB520C4-CA33-4D43-AE52-1DA001BA44C0,Benchmark Gen. Desembur 2024,4,24,FE206D1D-C98D-4362-8E19-E18B388E43F3,Benchmark Gen. Desembur 2024,244.0134,Benchmark Gen. Desembur 2024,830F20C4-7EB8-47B1-A075-E6201AFEFF45,C7,C Høll,C,S24 Strond,,Hatchery,S24 Strond,2025-08-12 13:18:12,2025-08-15 15:50:02,2025-08-15 15:50:02,source,Fry,Fry,1,population_stages,yes
BD52CE38-0B7F-440B-A79C-A1DB29978F97,Benchmark Gen. Desembur 2024,4,24,FE206D1D-C98D-4362-8E19-E18B388E43F3,Benchmark Gen. Desembur 2024,244.0121,Benchmark Gen. Desembur 2024,B2275C36-1B48-495C-AB04-603265976A17,F06,F Høll,F,S24 Strond,,Hatchery,S24 Strond,2025-07-29 08:01:32,2025-07-31 07:18:50,2025-07-31 07:18:50,source,Fry,Fry,1,population_stages,yes
BD7D530D-FD54-4132-9242-4B7269D5578F,Benchmark Gen. Desembur 2024,4,24,FE206D1D-C98D-4362-8E19-E18B388E43F3,Benchmark Gen. Desembur 2024,244.0182,Benchmark Gen. Desembur 2024,01CB4CBE-E9C6-4200-8A5F-5F095B388D71,G3,G Høll,G,S24 Strond,,Hatchery,S24 Strond,2025-11-13 08:58:09,2025-11-14 14:04:06,2025-11-14 14:04:06,source,,,0,,yes
BDA8B4A3-E463-4AD7-930B-60F8856DD9C7,Benchmark Gen. Desembur 2024,4,24,FE206D1D-C98D-4362-8E19-E18B388E43F3,Benchmark Gen. Desembur 2024,244.0154,Benchmark Gen. Desembur 2024,5270F2C1-7731-41C6-AC7B-AF6009FF5173,C5,C Høll,C,S24 Strond,,Hatchery,S24 Strond,2025-07-17 15:10:46,2025-09-30 14:32:55,2025-09-30 14:32:55,source,Fry,Fry,1,population_stages,yes
BDCE15A5-7D92-4BDB-886B-F2E6F50FCAE1,Benchmark Gen. Desembur 2024,4,2024,FE206D1D-C98D-4362-8E19-E18B388E43F3,Benchmark Gen. Desembur 2024,244.0010,Benchmark Gen. Desembur 2024,D017DA75-F9EF-4F53-939B-8AC72AB823D4,A09,A Høll,A,S24 Strond,,Hatchery,S24 Strond,2024-12-18 08:52:25,2025-03-05 14:18:34,2025-03-05 14:18:34,source,Egg&Alevin,Egg&Alevin,2,"operation_stage_changes,population_stages",yes
C06CEBB3-56BD-4C5F-A402-03F395FA40F0,Benchmark Gen. Desembur 2024,4,24,FE206D1D-C98D-4362-8E19-E18B388E43F3,Benchmark Gen. Desembur 2024,244.0173,Benchmark Gen. Desembur 2024,D581DCDB-5F4F-4423-A6D1-3E872E1E9C2E,H4,H Høll,H,S24 Strond,,Hatchery,S24 Strond,2025-10-22 15:32:56,2025-10-23 15:38:05,2025-10-23 15:38:05,source,Fry,Fry,1,population_stages,yes
C1C11B30-3557-4AF7-929F-9D2855847947,Benchmark Gen. Desembur 2024,4,24,FE206D1D-C98D-4362-8E19-E18B388E43F3,Benchmark Gen. Desembur 2024,244.0001,Benchmark Gen. Desembur 2024,657402E3-3500-466C-86D5-DC1C767A3A70,G2,G Høll,G,S24 Strond,,Hatchery,S24 Strond,2025-11-14 14:04:06,,2025-11-17 15:49:55,next_group_start,,,0,,yes
C55327FC-14CC-4F30-A286-959E5D29487E,Benchmark Gen. Desembur 2024,4,24,FE206D1D-C98D-4362-8E19-E18B388E43F3,Benchmark Gen. Desembur 2024,244.0181,Benchmark Gen. Desembur 2024,D581DCDB-5F4F-4423-A6D1-3E872E1E9C2E,H4,H Høll,H,S24 Strond,,Hatchery,S24 Strond,2025-10-28 08:45:58,,2025-11-13 08:58:09,next_group_start,Fry,Fry,1,population_stages,yes
C65648DA-2C66-4963-84D1-541EEF0E5A2F,Benchmark Gen. Desembur 2024,4,24,FE206D1D-C98D-4362-8E19-E18B388E43F3,Benchmark Gen. Desembur 2024,244.0156,Benchmark Gen. Desembur 2024,CDD6125F-9D9C-45AB-B777-D73DF74D9200,F01,F Høll,F,S24 Strond,,Hatchery,S24 Strond,2025-09-30 14:32:55,2025-10-01 14:38:53,2025-10-01 14:38:53,source,Fry,Fry,1,population_stages,yes
C73C0087-05B2-448F-BD98-9600867EC1ED,Benchmark Gen. Desembur 2024,4,2024,FE206D1D-C98D-4362-8E19-E18B388E43F3,Benchmark Gen. Desembur 2024,244.0002,Benchmark Gen. Desembur 2024,D1B09150-1D85-4A0F-8253-E866C0D4268D,A01,A Høll,A,S24 Strond,,Hatchery,S24 Strond,2024-12-18 08:52:25,2025-03-05 14:18:34,2025-03-05 14:18:34,source,Egg&Alevin,Egg&Alevin,2,"operation_stage_changes,population_stages",yes
C7651A42-03E3-43B6-BAD5-3DE0FBFA09B4,Benchmark Gen. Desembur 2024,4,24,FE206D1D-C98D-4362-8E19-E18B388E43F3,Benchmark Gen. Desembur 2024,244.0152,Benchmark Gen. Desembur 2024,830F20C4-7EB8-47B1-A075-E6201AFEFF45,C7,C Høll,C,S24 Strond,,Hatchery,S24 Strond,2025-09-29 10:17:28,2025-09-30 14:32:55,2025-09-30 14:32:55,source,Fry,Fry,1,population_stages,yes
C8D86B29-3CAB-428F-8E2B-6997A6D0A40A,Benchmark Gen. Desembur 2024,4,24,FE206D1D-C98D-4362-8E19-E18B388E43F3,Benchmark Gen. Desembur 2024,244.0092,Benchmark Gen. Desembur 2024,D751B03C-1EA5-47F0-A98D-EAC6DA9D0494,D4,D Høll,D,S24 Strond,,Hatchery,S24 Strond,2025-05-28 13:13:29,2025-05-28 15:28:31,2025-05-28 15:28:31,source,Fry,Fry,1,population_stages,yes
C950589E-B665-4535-A085-4E898FD3D801,Benchmark Gen. Desembur 2024,4,24,FE206D1D-C98D-4362-8E19-E18B388E43F3,Benchmark Gen. Desembur 2024,244.0207,Benchmark Gen. Desembur 2024,BE5CEE98-7AE2-45AE-8A33-6FC66D026184,E02,E Høll,E,S24 Strond,,Hatchery,S24 Strond,2025-12-29 11:52:46,2025-12-30 12:09:18,2025-12-30 12:09:18,source,,,0,,yes
CC100899-E27F-498D-9D17-2FAC6D982512,Benchmark Gen. Desembur 2024,4,24,FE206D1D-C98D-4362-8E19-E18B388E43F3,Benchmark Gen. Desembur 2024,244.0212,Benchmark Gen. Desembur 2024,BE5CEE98-7AE2-45AE-8A33-6FC66D026184,E02,E Høll,E,S24 Strond,,Hatchery,S24 Strond,2025-12-30 12:09:18,2026-01-16 15:31:00,2026-01-16 15:31:00,source,,,0,,yes
CD2D1DD1-E554-4A36-943E-AE89EC2C341A,Benchmark Gen. Desembur 2024,4,24,FE206D1D-C98D-4362-8E19-E18B388E43F3,Benchmark Gen. Desembur 2024,244.0216,Benchmark Gen. Desembur 2024,59E1DAC8-9F21-4ADB-9161-DD5350184421,I2,I Høll,I,S24 Strond,,Hatchery,S24 Strond,2026-01-14 10:58:16,2026-01-16 15:31:00,2026-01-16 15:31:00,source,,,0,,yes
CDB8D4A1-AD59-4ACB-B669-8B90709BB3EC,Benchmark Gen. Desembur 2024,4,24,FE206D1D-C98D-4362-8E19-E18B388E43F3,Benchmark Gen. Desembur 2024,244.0077,Benchmark Gen. Desembur 2024,90E4BD9B-3BDF-4542-AD4C-61A4C75947DC,D8,D Høll,D,S24 Strond,,Hatchery,S24 Strond,2025-05-27 10:46:11,2025-05-27 10:48:05,2025-05-27 10:48:05,source,Fry,Fry,1,population_stages,yes
CE20BE4F-533B-46A7-8004-0C58286344F2,Benchmark Gen. Desembur 2024,4,2024,FE206D1D-C98D-4362-8E19-E18B388E43F3,Benchmark Gen. Desembur 2024,244.0008,Benchmark Gen. Desembur 2024,57B37C60-15FF-42A8-A527-7DB59A6E3048,A07,A Høll,A,S24 Strond,,Hatchery,S24 Strond,2024-12-18 08:52:25,2025-03-05 14:18:34,2025-03-05 14:18:34,source,Egg&Alevin,Egg&Alevin,2,"operation_stage_changes,population_stages",yes
D1205E94-8676-44F6-A5D0-937BEB2D09B1,Benchmark Gen. Desembur 2024,4,24,FE206D1D-C98D-4362-8E19-E18B388E43F3,Benchmark Gen. Desembur 2024,244.0111,Benchmark Gen. Desembur 2024,D751B03C-1EA5-47F0-A98D-EAC6DA9D0494,D4,D Høll,D,S24 Strond,,Hatchery,S24 Strond,2025-05-30 12:02:00,2025-07-25 13:59:41,2025-07-25 13:59:41,source,Fry,Fry,1,population_stages,yes
D1FFF6C3-7C70-48A2-9656-A2A05A3D7509,Benchmark Gen. Desembur 2024,4,24,FE206D1D-C98D-4362-8E19-E18B388E43F3,Benchmark Gen. Desembur 2024,244.0098,Benchmark Gen. Desembur 2024,4626FC19-F0F1-48BA-B7E3-19F399BE44BC,C2,C Høll,C,S24 Strond,,Hatchery,S24 Strond,2025-05-30 12:02:00,2025-07-15 13:19:35,2025-07-15 13:19:35,source,Fry,Fry,1,population_stages,yes
D3C239BF-DAE2-420F-BD59-6E2980162469,Benchmark Gen. Desembur 2024,4,24,FE206D1D-C98D-4362-8E19-E18B388E43F3,Benchmark Gen. Desembur 2024,244.0089,Benchmark Gen. Desembur 2024,FDEAE661-F3DB-4CBA-8C4B-1274E452EA86,C1,C Høll,C,S24 Strond,,Hatchery,S24 Strond,2025-05-28 13:10:37,2025-05-28 13:13:29,2025-05-28 13:13:29,source,Fry,Fry,1,population_stages,yes
D3F3DC29-8F0D-4814-8C71-AD99C5B0836B,Benchmark Gen. Desembur 2024,4,2024,FE206D1D-C98D-4362-8E19-E18B388E43F3,Benchmark Gen. Desembur 2024,244.0027,Benchmark Gen. Desembur 2024,C479B789-F8F8-4109-8C1D-347D9DB6AF2D,A26,A Høll,A,S24 Strond,,Hatchery,S24 Strond,2024-12-18 08:52:25,2025-03-05 14:18:34,2025-03-05 14:18:34,source,Egg&Alevin,Egg&Alevin,2,"operation_stage_changes,population_stages",yes
D4198079-A5C3-4331-B84E-F864EAF992BD,Benchmark Gen. Desembur 2024,4,2024,FE206D1D-C98D-4362-8E19-E18B388E43F3,Benchmark Gen. Desembur 2024,244.0032,Benchmark Gen. Desembur 2024,960FD13F-5B52-42A4-BAE8-F06F2C78EB18,A31,A Høll,A,S24 Strond,,Hatchery,S24 Strond,2024-12-18 08:52:25,2025-03-05 14:18:34,2025-03-05 14:18:34,source,Egg&Alevin,Egg&Alevin,2,"operation_stage_changes,population_stages",yes
D63CB0A5-62A1-4BED-9BFB-E4233708D7B2,Benchmark Gen. Desembur 2024,4,24,FE206D1D-C98D-4362-8E19-E18B388E43F3,Benchmark Gen. Desembur 2024,244.0198,Benchmark Gen. Desembur 2024,A3E66323-A9A1-4C9A-9A0D-3088BA90D8BE,J3,J Høll,J,S24 Strond,,Hatchery,S24 Strond,2025-12-22 15:52:23,2025-12-23 16:19:50,2025-12-23 16:19:50,source,,,0,,yes
D69D700C-8B5C-45BA-8475-9DC7FB1717B1,Benchmark Gen. Desembur 2024,4,24,FE206D1D-C98D-4362-8E19-E18B388E43F3,Benchmark Gen. Desembur 2024,244.0044,Benchmark Gen. Desembur 2024,1F6ED682-F0CC-459E-9798-4D64C45C5791,B04,B Høll,B,S24 Strond,,Hatchery,S24 Strond,2025-03-05 14:18:34,2025-05-30 12:02:00,2025-05-30 12:02:00,source,Fry,Fry,1,population_stages,yes
D6D7BD0D-454E-41B4-84F0-E895D17B2143,Benchmark Gen. Desembur 2024,4,24,FE206D1D-C98D-4362-8E19-E18B388E43F3,Benchmark Gen. Desembur 2024,244.0072,Benchmark Gen. Desembur 2024,F92CF1C1-AC26-416A-88A8-02D16F25E265,D3,D Høll,D,S24 Strond,,Hatchery,S24 Strond,2025-05-27 13:29:47,2025-07-29 08:01:32,2025-07-29 08:01:32,source,Fry,Fry,1,population_stages,yes
D7F78539-E7D5-44E8-9952-1B42BF59A859,Benchmark Gen. Desembur 2024,4,24,FE206D1D-C98D-4362-8E19-E18B388E43F3,Benchmark Gen. Desembur 2024,244.0102,Benchmark Gen. Desembur 2024,F7E57A41-4BDF-4158-8882-513FE3B3EBE1,D2,D Høll,D,S24 Strond,,Hatchery,S24 Strond,2025-05-30 12:02:00,2025-08-19 15:20:49,2025-08-19 15:20:49,source,Fry,Fry,1,population_stages,yes
DADF9D0F-8322-43E1-938A-B6178095283A,Benchmark Gen. Desembur 2024,4,24,FE206D1D-C98D-4362-8E19-E18B388E43F3,Benchmark Gen. Desembur 2024,244.0061,Benchmark Gen. Desembur 2024,4626FC19-F0F1-48BA-B7E3-19F399BE44BC,C2,C Høll,C,S24 Strond,,Hatchery,S24 Strond,2025-05-26 13:23:26,2025-05-26 13:27:28,2025-05-26 13:27:28,source,Fry,Fry,1,population_stages,yes
DB3B26B8-735A-4BEB-BDC6-5619B7CC1669,Benchmark Gen. Desembur 2024,4,24,FE206D1D-C98D-4362-8E19-E18B388E43F3,Benchmark Gen. Desembur 2024,244.0045,Benchmark Gen. Desembur 2024,8D5DB84A-B65C-4AAC-A922-B124C557AD93,D7,D Høll,D,S24 Strond,,Hatchery,S24 Strond,2025-05-28 13:10:37,2025-09-29 10:17:28,2025-09-29 10:17:28,source,Fry,Fry,1,population_stages,yes
DD43441C-D0A0-4715-B48B-E93C7B09A706,Benchmark Gen. Desembur 2024,4,24,FE206D1D-C98D-4362-8E19-E18B388E43F3,Benchmark Gen. Desembur 2024,244.0196,Benchmark Gen. Desembur 2024,59951ABF-8516-489D-8C11-6B5A8BABAE83,G4,G Høll,G,S24 Strond,,Hatchery,S24 Strond,2025-11-18 13:35:27,,2025-12-22 15:52:23,next_group_start,,,0,,yes
DDA0D601-E7F2-4AB0-8DF7-285B97D49285,Benchmark Gen. Desembur 2024,4,24,FE206D1D-C98D-4362-8E19-E18B388E43F3,Benchmark Gen. Desembur 2024,244.0050,Benchmark Gen. Desembur 2024,B4906B18-EB3A-4E20-8C02-C2EBCF0834E0,B10,B Høll,B,S24 Strond,,Hatchery,S24 Strond,2025-03-05 14:18:34,2025-05-26 13:15:26,2025-05-26 13:15:26,source,Fry,Fry,1,population_stages,yes
DDDDFE29-0193-4060-863D-8B62BF427EA6,Benchmark Gen. Desembur 2024,4,24,FE206D1D-C98D-4362-8E19-E18B388E43F3,Benchmark Gen. Desembur 2024,244.0057,Benchmark Gen. Desembur 2024,4626FC19-F0F1-48BA-B7E3-19F399BE44BC,C2,C Høll,C,S24 Strond,,Hatchery,S24 Strond,2025-05-26 13:18:39,2025-05-26 13:23:26,2025-05-26 13:23:26,source,Fry,Fry,1,population_stages,yes
DE4D7654-2708-4D07-BDDC-CAEE1146F588,Benchmark Gen. Desembur 2024,4,24,FE206D1D-C98D-4362-8E19-E18B388E43F3,Benchmark Gen. Desembur 2024,244.0130,Benchmark Gen. Desembur 2024,B2275C36-1B48-495C-AB04-603265976A17,F06,F Høll,F,S24 Strond,,Hatchery,S24 Strond,2025-08-01 15:44:46,2025-10-22 15:32:56,2025-10-22 15:32:56,source,Fry,Fry,1,population_stages,yes
DFF02C62-DB50-4E3F-92FF-883022BA6861,Benchmark Gen. Desembur 2024,4,2024,FE206D1D-C98D-4362-8E19-E18B388E43F3,Benchmark Gen. Desembur 2024,244.0017,Benchmark Gen. Desembur 2024,5D863CBA-5CEF-4788-9CF9-0E4B432CE97F,A16,A Høll,A,S24 Strond,,Hatchery,S24 Strond,2024-12-18 08:52:25,2025-03-05 14:18:34,2025-03-05 14:18:34,source,Egg&Alevin,Egg&Alevin,2,"operation_stage_changes,population_stages",yes
E1B2B6BC-A0AF-4520-9E0E-27F5AB178612,Benchmark Gen. Desembur 2024,4,24,FE206D1D-C98D-4362-8E19-E18B388E43F3,Benchmark Gen. Desembur 2024,244.0160,Benchmark Gen. Desembur 2024,830F20C4-7EB8-47B1-A075-E6201AFEFF45,C7,C Høll,C,S24 Strond,,Hatchery,S24 Strond,2025-10-01 14:38:53,2025-10-02 14:41:19,2025-10-02 14:41:19,source,Fry,Fry,1,population_stages,yes
E6A54825-FF54-4461-A132-BD64C241E5C9,Benchmark Gen. Desembur 2024,4,24,FE206D1D-C98D-4362-8E19-E18B388E43F3,Benchmark Gen. Desembur 2024,244.0097,Benchmark Gen. Desembur 2024,F7E57A41-4BDF-4158-8882-513FE3B3EBE1,D2,D Høll,D,S24 Strond,,Hatchery,S24 Strond,2025-05-28 15:28:31,2025-05-30 12:02:00,2025-05-30 12:02:00,source,Fry,Fry,1,population_stages,yes
E6E0E5ED-9A51-41F1-9FFF-143186D7EA93,Benchmark Gen. Desembur 2024,4,24,FE206D1D-C98D-4362-8E19-E18B388E43F3,Benchmark Gen. Desembur 2024,244.0138,Benchmark Gen. Desembur 2024,3A14973C-4A4B-403C-B560-6D84A0C8840C,E04,E Høll,E,S24 Strond,,Hatchery,S24 Strond,2025-08-19 15:20:49,2025-08-21 09:12:35,2025-08-21 09:12:35,source,Fry,Fry,1,population_stages,yes
E6E76502-1030-4A66-8072-364AA082F4FE,Benchmark Gen. Desembur 2024,4,24,FE206D1D-C98D-4362-8E19-E18B388E43F3,Benchmark Gen. Desembur 2024,244.0071,Benchmark Gen. Desembur 2024,AD0AD03C-8207-437A-9DC7-152DBC77CAFA,D5,D Høll,D,S24 Strond,,Hatchery,S24 Strond,2025-05-27 13:29:47,2025-08-21 09:12:35,2025-08-21 09:12:35,source,Fry,Fry,1,population_stages,yes
E7032700-5193-4C2D-B483-E4ABF68DF1E6,Benchmark Gen. Desembur 2024,4,24,FE206D1D-C98D-4362-8E19-E18B388E43F3,Benchmark Gen. Desembur 2024,244.0108,Benchmark Gen. Desembur 2024,27FE2A3D-FF89-4F00-8D2C-C4B6AD5C65ED,C6,C Høll,C,S24 Strond,,Hatchery,S24 Strond,2025-10-01 14:38:53,2025-10-23 12:23:02,2025-10-23 12:23:02,source,Fry,Fry,1,population_stages,yes
E74B9FBC-84F7-40A2-95AD-4ED3A78D6204,Benchmark Gen. Desembur 2024,4,24,FE206D1D-C98D-4362-8E19-E18B388E43F3,Benchmark Gen. Desembur 2024,244.0096,Benchmark Gen. Desembur 2024,D751B03C-1EA5-47F0-A98D-EAC6DA9D0494,D4,D Høll,D,S24 Strond,,Hatchery,S24 Strond,2025-05-28 15:28:31,2025-05-30 12:02:00,2025-05-30 12:02:00,source,Fry,Fry,1,population_stages,yes
E80700F0-6636-42F5-BACF-49A15FE620D2,Benchmark Gen. Desembur 2024,4,24,FE206D1D-C98D-4362-8E19-E18B388E43F3,Benchmark Gen. Desembur 2024,244.0101,Benchmark Gen. Desembur 2024,D751B03C-1EA5-47F0-A98D-EAC6DA9D0494,D4,D Høll,D,S24 Strond,,Hatchery,S24 Strond,2025-07-25 13:59:41,2025-07-26 21:04:53,2025-07-26 21:04:53,source,Fry,Fry,1,population_stages,yes
E83FA9A9-204F-4019-9520-8BC10F62C12E,Benchmark Gen. Desembur 2024,4,24,FE206D1D-C98D-4362-8E19-E18B388E43F3,Benchmark Gen. Desembur 2024,244.0124,Benchmark Gen. Desembur 2024,279C2E24-7E02-4ADC-93DF-9458AFBA4B3F,F05,F Høll,F,S24 Strond,,Hatchery,S24 Strond,2025-07-31 07:18:50,2025-08-01 15:44:46,2025-08-01 15:44:46,source,Fry,Fry,1,population_stages,yes
E87CA41B-0622-41CE-B106-2CA7BCD33F85,Benchmark Gen. Desembur 2024,4,24,FE206D1D-C98D-4362-8E19-E18B388E43F3,Benchmark Gen. Desembur 2024,244.0069,Benchmark Gen. Desembur 2024,3A3FC913-CCBD-400F-B2D2-05A696C783B9,D1,D Høll,D,S24 Strond,,Hatchery,S24 Strond,2025-05-27 13:29:47,2025-07-31 07:18:50,2025-07-31 07:18:50,source,Fry,Fry,1,population_stages,yes
E88035AD-2F0F-4F12-818D-B28CD976FA8D,Benchmark Gen. Desembur 2024,4,24,FE206D1D-C98D-4362-8E19-E18B388E43F3,Benchmark Gen. Desembur 2024,244.0189,Benchmark Gen. Desembur 2024,6073D1BB-0651-461C-AFF6-925927E49552,G1,G Høll,G,S24 Strond,,Hatchery,S24 Strond,2025-11-14 14:04:06,2025-11-17 15:49:55,2025-11-17 15:49:55,source,,,0,,yes
E890468A-3212-48FA-88E8-F7DA47E9EF1D,Benchmark Gen. Desembur 2024,4,24,FE206D1D-C98D-4362-8E19-E18B388E43F3,Benchmark Gen. Desembur 2024,244.0209,Benchmark Gen. Desembur 2024,DCB0590A-7BE2-4390-8034-381B1807BB1B,E03,E Høll,E,S24 Strond,,Hatchery,S24 Strond,2025-10-24 15:10:48,2025-12-30 12:09:18,2025-12-30 12:09:18,source,Fry,Fry,1,population_stages,yes
F061DC76-4F4D-4B23-BC78-9BCBD8ACCA04,Benchmark Gen. Desembur 2024,4,2024,FE206D1D-C98D-4362-8E19-E18B388E43F3,Benchmark Gen. Desembur 2024,244.0013,Benchmark Gen. Desembur 2024,05A4D8C4-DB01-4F79-9FB7-409876235EA4,A12,A Høll,A,S24 Strond,,Hatchery,S24 Strond,2024-12-18 08:52:25,2025-03-05 14:18:34,2025-03-05 14:18:34,source,Egg&Alevin,Egg&Alevin,2,"operation_stage_changes,population_stages",yes
F24BA105-F2B1-4C16-B41E-F5CB36F2E762,Benchmark Gen. Desembur 2024,4,24,FE206D1D-C98D-4362-8E19-E18B388E43F3,Benchmark Gen. Desembur 2024,244.0202,Benchmark Gen. Desembur 2024,A3E66323-A9A1-4C9A-9A0D-3088BA90D8BE,J3,J Høll,J,S24 Strond,,Hatchery,S24 Strond,2025-12-23 16:19:50,2025-12-29 11:52:46,2025-12-29 11:52:46,source,,,0,,yes
F2B217B1-FEF9-41DB-9750-9A2BA12ACAB1,Benchmark Gen. Desembur 2024,4,24,FE206D1D-C98D-4362-8E19-E18B388E43F3,Benchmark Gen. Desembur 2024,244.0166,Benchmark Gen. Desembur 2024,BE5CEE98-7AE2-45AE-8A33-6FC66D026184,E02,E Høll,E,S24 Strond,,Hatchery,S24 Strond,2025-10-23 12:23:02,2025-10-24 15:10:48,2025-10-24 15:10:48,source,Fry,Fry,1,population_stages,yes
F2F569C5-FCC3-47FB-94C5-A74AB2F81179,Benchmark Gen. Desembur 2024,4,24,FE206D1D-C98D-4362-8E19-E18B388E43F3,Benchmark Gen. Desembur 2024,244.0056,Benchmark Gen. Desembur 2024,3A3FC913-CCBD-400F-B2D2-05A696C783B9,D1,D Høll,D,S24 Strond,,Hatchery,S24 Strond,2025-05-26 13:18:39,2025-05-26 13:23:26,2025-05-26 13:23:26,source,Fry,Fry,1,population_stages,yes
F4DFA845-861A-4CBB-85CC-51F811454A25,Benchmark Gen. Desembur 2024,4,2024,FE206D1D-C98D-4362-8E19-E18B388E43F3,Benchmark Gen. Desembur 2024,244.0036,Benchmark Gen. Desembur 2024,34F75B94-D494-4B6F-9E8E-7AFF481E16A0,A35,A Høll,A,S24 Strond,,Hatchery,S24 Strond,2024-12-18 08:52:25,2025-03-05 14:18:34,2025-03-05 14:18:34,source,Egg&Alevin,Egg&Alevin,2,"operation_stage_changes,population_stages",yes
F62BC397-6431-413C-B12E-53384C45285A,Benchmark Gen. Desembur 2024,4,24,FE206D1D-C98D-4362-8E19-E18B388E43F3,Benchmark Gen. Desembur 2024,244.0103,Benchmark Gen. Desembur 2024,FDEAE661-F3DB-4CBA-8C4B-1274E452EA86,C1,C Høll,C,S24 Strond,,Hatchery,S24 Strond,2025-05-28 15:28:31,2025-07-15 13:19:35,2025-07-15 13:19:35,source,Fry,Fry,1,population_stages,yes
F792E1FA-3317-4A21-8EB4-042402EDA269,Benchmark Gen. Desembur 2024,4,24,FE206D1D-C98D-4362-8E19-E18B388E43F3,Benchmark Gen. Desembur 2024,244.0218,Benchmark Gen. Desembur 2024,C637A5E2-53CA-4B79-96AC-36ED5380E328,I3,I Høll,I,S24 Strond,,Hatchery,S24 Strond,2026-01-14 10:58:16,2026-01-16 15:31:00,2026-01-16 15:31:00,source,,,0,,yes
F7A165F2-502D-430E-BD99-D381CC856280,Benchmark Gen. Desembur 2024,4,2024,FE206D1D-C98D-4362-8E19-E18B388E43F3,Benchmark Gen. Desembur 2024,244.0019,Benchmark Gen. Desembur 2024,6D635650-102D-445B-8A42-38B6146B4A7B,A18,A Høll,A,S24 Strond,,Hatchery,S24 Strond,2024-12-18 08:52:25,2025-03-05 14:18:34,2025-03-05 14:18:34,source,Egg&Alevin,Egg&Alevin,2,"operation_stage_changes,population_stages",yes
F80D3A46-8444-4D7B-8FB6-5592E83F2CF5,Benchmark Gen. Desembur 2024,4,24,FE206D1D-C98D-4362-8E19-E18B388E43F3,Benchmark Gen. Desembur 2024,244.0104,Benchmark Gen. Desembur 2024,27FE2A3D-FF89-4F00-8D2C-C4B6AD5C65ED,C6,C Høll,C,S24 Strond,,Hatchery,S24 Strond,2025-07-15 13:19:35,2025-07-17 15:10:46,2025-07-17 15:10:46,source,Fry,Fry,1,population_stages,yes
F9D45F04-5307-487E-BF1A-8376AAC534F0,Benchmark Gen. Desembur 2024,4,24,FE206D1D-C98D-4362-8E19-E18B388E43F3,Benchmark Gen. Desembur 2024,244.0053,Benchmark Gen. Desembur 2024,4626FC19-F0F1-48BA-B7E3-19F399BE44BC,C2,C Høll,C,S24 Strond,,Hatchery,S24 Strond,2025-05-26 13:15:26,2025-05-26 13:18:39,2025-05-26 13:18:39,source,Fry,Fry,1,population_stages,yes
FAD92079-BBE3-4602-BB32-19D1517C4DE1,Benchmark Gen. Desembur 2024,4,24,FE206D1D-C98D-4362-8E19-E18B388E43F3,Benchmark Gen. Desembur 2024,244.0193,Benchmark Gen. Desembur 2024,6073D1BB-0651-461C-AFF6-925927E49552,G1,G Høll,G,S24 Strond,,Hatchery,S24 Strond,2025-11-17 15:49:55,,2025-11-18 13:35:27,next_group_start,,,0,,yes
FAE9C94F-C477-4CF5-8E79-6690247187BB,Benchmark Gen. Desembur 2024,4,24,FE206D1D-C98D-4362-8E19-E18B388E43F3,Benchmark Gen. Desembur 2024,244.0204,Benchmark Gen. Desembur 2024,C0D63A28-8E98-47CF-9271-CB58CBA7F240,J1,J Høll,J,S24 Strond,,Hatchery,S24 Strond,2025-12-23 16:19:50,2025-12-29 11:52:46,2025-12-29 11:52:46,source,,,0,,yes
FBC902E0-50F3-4585-B635-DEC293AD91DA,Benchmark Gen. Desembur 2024,4,24,FE206D1D-C98D-4362-8E19-E18B388E43F3,Benchmark Gen. Desembur 2024,244.0150,Benchmark Gen. Desembur 2024,830F20C4-7EB8-47B1-A075-E6201AFEFF45,C7,C Høll,C,S24 Strond,,Hatchery,S24 Strond,2025-09-24 10:58:04,2025-09-29 10:17:28,2025-09-29 10:17:28,source,Fry,Fry,1,population_stages,yes
FC3ED6E9-4F49-4282-969D-A2609DE036DC,Benchmark Gen. Desembur 2024,4,24,FE206D1D-C98D-4362-8E19-E18B388E43F3,Benchmark Gen. Desembur 2024,244.0066,Benchmark Gen. Desembur 2024,4626FC19-F0F1-48BA-B7E3-19F399BE44BC,C2,C Høll,C,S24 Strond,,Hatchery,S24 Strond,2025-05-26 13:27:28,2025-05-27 10:46:11,2025-05-27 10:46:11,source,Fry,Fry,1,population_stages,yes
FCCE811C-AFCD-47E6-9FB1-0628AA32CAA8,Benchmark Gen. Desembur 2024,4,24,FE206D1D-C98D-4362-8E19-E18B388E43F3,Benchmark Gen. Desembur 2024,244.0131,Benchmark Gen. Desembur 2024,BA4588C4-3B18-4A83-A265-A96CC5D746AB,C3,C Høll,C,S24 Strond,,Hatchery,S24 Strond,2025-08-01 15:44:46,2025-08-15 15:50:02,2025-08-15 15:50:02,source,Fry,Fry,1,population_stages,yes
FD161860-34D1-41D1-A095-8F724C15DBA5,Benchmark Gen. Desembur 2024,4,24,FE206D1D-C98D-4362-8E19-E18B388E43F3,Benchmark Gen. Desembur 2024,244.0083,Benchmark Gen. Desembur 2024,8D5DB84A-B65C-4AAC-A922-B124C557AD93,D7,D Høll,D,S24 Strond,,Hatchery,S24 Strond,2025-05-27 10:50:01,2025-05-28 13:10:37,2025-05-28 13:10:37,source,Fry,Fry,1,population_stages,yes
